1,936.0,829.0
1,945.0,649.0
1,883.0,644.0
1,818.0,505.0
1,885.0,490.0
1,962.0,484.0
1,1032.0,485.0
1,1023.0,398.0
1,838.0,397.0
1,923.0,295.0
1,850.0,285.0
1,925.0,182.0
1,892.0,797.0
1,927.0,446.0
1,1004.0,283.0
2,935.0,828.0
2,947.0,651.0
2,885.0,646.0
2,817.0,504.0
2,886.0,490.0
2,964.0,487.0
2,1031.0,484.0
2,1023.0,398.0
2,839.0,398.0
2,925.0,297.0
2,849.0,284.0
2,924.0,182.0
2,894.0,799.0
2,926.0,445.0
2,1002.0,281.0
3,935.0,828.0
3,946.0,650.0
3,885.0,644.0
3,816.0,504.0
3,886.0,491.0
3,966.0,489.0
3,1031.0,480.0
3,1025.0,400.0
3,838.0,397.0
3,927.0,300.0
3,849.0,285.0
3,926.0,184.0
3,894.0,804.0
3,926.0,446.0
3,1004.0,283.0
4,937.0,830.0
4,944.0,650.0
4,887.0,644.0
4,814.0,504.0
4,885.0,492.0
4,966.0,490.0
4,1030.0,476.0
4,1026.0,402.0
4,839.0,398.0
4,926.0,302.0
4,849.0,286.0
4,926.0,187.0
4,895.0,810.0
4,924.0,445.0
4,1003.0,284.0
5,937.0,830.0
5,942.0,649.0
5,886.0,644.0
5,815.0,504.0
5,885.0,492.0
5,966.0,491.0
5,1028.0,475.0
5,1026.0,401.0
5,840.0,399.0
5,926.0,302.0
5,849.0,287.0
5,925.0,186.0
5,896.0,812.0
5,925.0,446.0
5,1003.0,284.0
6,937.0,829.0
6,943.0,649.0
6,888.0,645.0
6,816.0,505.0
6,886.0,493.0
6,966.0,491.0
6,1030.0,477.0
6,1025.0,401.0
6,838.0,398.0
6,926.0,301.0
6,848.0,287.0
6,924.0,185.0
6,894.0,809.0
6,925.0,446.0
6,1003.0,284.0
7,937.0,828.0
7,944.0,651.0
7,889.0,646.0
7,815.0,505.0
7,885.0,494.0
7,965.0,492.0
7,1031.0,477.0
7,1026.0,402.0
7,836.0,395.0
7,926.0,302.0
7,848.0,287.0
7,925.0,187.0
7,893.0,810.0
7,926.0,449.0
7,1002.0,284.0
8,937.0,828.0
8,943.0,651.0
8,889.0,646.0
8,815.0,504.0
8,886.0,495.0
8,966.0,492.0
8,1031.0,476.0
8,1026.0,402.0
8,836.0,397.0
8,926.0,302.0
8,849.0,289.0
8,925.0,187.0
8,893.0,810.0
8,926.0,450.0
8,1001.0,284.0
9,936.0,826.0
9,947.0,656.0
9,889.0,645.0
9,813.0,505.0
9,886.0,497.0
9,966.0,495.0
9,1031.0,473.0
9,1027.0,404.0
9,838.0,399.0
9,925.0,303.0
9,849.0,290.0
9,925.0,190.0
9,896.0,818.0
9,926.0,452.0
9,1000.0,285.0
10,935.0,822.0
10,946.0,656.0
10,890.0,646.0
10,813.0,506.0
10,887.0,499.0
10,965.0,497.0
10,1031.0,473.0
10,1025.0,403.0
10,839.0,402.0
10,924.0,305.0
10,850.0,296.0
10,924.0,192.0
10,896.0,822.0
10,926.0,453.0
10,1000.0,288.0
11,936.0,820.0
11,944.0,657.0
11,890.0,645.0
11,814.0,508.0
11,886.0,501.0
11,964.0,499.0
11,1030.0,470.0
11,1025.0,405.0
11,840.0,403.0
11,923.0,306.0
11,850.0,298.0
11,924.0,195.0
11,898.0,826.0
11,925.0,453.0
11,999.0,288.0
12,935.0,820.0
12,947.0,660.0
12,890.0,646.0
12,815.0,510.0
12,885.0,500.0
12,964.0,499.0
12,1028.0,469.0
12,1024.0,404.0
12,840.0,404.0
12,923.0,306.0
12,849.0,297.0
12,923.0,194.0
12,898.0,826.0
12,925.0,454.0
12,999.0,289.0
13,937.0,820.0
13,948.0,661.0
13,891.0,647.0
13,817.0,511.0
13,886.0,501.0
13,964.0,499.0
13,1026.0,467.0
13,1025.0,405.0
13,839.0,404.0
13,923.0,308.0
13,849.0,298.0
13,923.0,194.0
13,898.0,827.0
13,925.0,455.0
13,999.0,289.0
14,936.0,818.0
14,949.0,662.0
14,891.0,647.0
14,815.0,509.0
14,886.0,501.0
14,963.0,499.0
14,1022.0,464.0
14,1023.0,404.0
14,839.0,404.0
14,922.0,307.0
14,849.0,298.0
14,924.0,196.0
14,899.0,828.0
14,924.0,454.0
14,1000.0,291.0
15,938.0,814.0
15,948.0,664.0
15,890.0,646.0
15,815.0,512.0
15,885.0,502.0
15,962.0,502.0
15,1024.0,465.0
15,1024.0,406.0
15,840.0,406.0
15,923.0,312.0
15,849.0,301.0
15,921.0,197.0
15,901.0,832.0
15,922.0,455.0
15,999.0,293.0
16,937.0,814.0
16,949.0,664.0
16,892.0,648.0
16,815.0,511.0
16,885.0,503.0
16,964.0,503.0
16,1023.0,464.0
16,1025.0,407.0
16,840.0,406.0
16,923.0,311.0
16,848.0,300.0
16,920.0,195.0
16,901.0,831.0
16,922.0,454.0
16,999.0,293.0
17,938.0,812.0
17,950.0,667.0
17,893.0,649.0
17,814.0,511.0
17,884.0,503.0
17,964.0,503.0
17,1024.0,464.0
17,1023.0,406.0
17,840.0,407.0
17,923.0,312.0
17,849.0,302.0
17,919.0,195.0
17,900.0,830.0
17,921.0,456.0
17,998.0,292.0
18,939.0,812.0
18,951.0,667.0
18,893.0,649.0
18,816.0,514.0
18,884.0,503.0
18,964.0,503.0
18,1024.0,464.0
18,1022.0,405.0
18,840.0,408.0
18,923.0,312.0
18,849.0,302.0
18,919.0,195.0
18,900.0,831.0
18,922.0,456.0
18,997.0,292.0
19,938.0,807.0
19,951.0,669.0
19,893.0,650.0
19,814.0,513.0
19,883.0,503.0
19,963.0,504.0
19,1023.0,464.0
19,1020.0,406.0
19,839.0,408.0
19,925.0,315.0
19,848.0,304.0
19,918.0,195.0
19,901.0,832.0
19,921.0,456.0
19,996.0,291.0
20,940.0,805.0
20,951.0,669.0
20,894.0,651.0
20,813.0,512.0
20,881.0,502.0
20,962.0,506.0
20,1022.0,465.0
20,1022.0,409.0
20,838.0,408.0
20,924.0,316.0
20,848.0,304.0
20,918.0,197.0
20,900.0,832.0
20,920.0,456.0
20,996.0,293.0
21,940.0,806.0
21,951.0,670.0
21,894.0,651.0
21,813.0,513.0
21,881.0,502.0
21,962.0,506.0
21,1023.0,466.0
21,1023.0,410.0
21,838.0,408.0
21,924.0,316.0
21,848.0,304.0
21,918.0,197.0
21,900.0,831.0
21,921.0,457.0
21,998.0,295.0
22,941.0,802.0
22,953.0,671.0
22,892.0,650.0
22,813.0,514.0
22,882.0,503.0
22,962.0,507.0
22,1022.0,465.0
22,1023.0,410.0
22,838.0,409.0
22,924.0,316.0
22,848.0,305.0
22,918.0,198.0
22,901.0,832.0
22,922.0,458.0
22,997.0,295.0
23,944.0,796.0
23,953.0,673.0
23,893.0,653.0
23,812.0,516.0
23,882.0,504.0
23,962.0,508.0
23,1025.0,471.0
23,1021.0,411.0
23,837.0,410.0
23,921.0,315.0
23,847.0,306.0
23,917.0,198.0
23,902.0,832.0
23,923.0,461.0
23,994.0,293.0
24,943.0,795.0
24,953.0,673.0
24,893.0,654.0
24,812.0,516.0
24,882.0,504.0
24,962.0,507.0
24,1024.0,470.0
24,1021.0,411.0
24,837.0,410.0
24,921.0,314.0
24,846.0,305.0
24,917.0,198.0
24,902.0,832.0
24,923.0,461.0
24,995.0,294.0
25,942.0,794.0
25,953.0,673.0
25,894.0,654.0
25,812.0,515.0
25,881.0,503.0
25,962.0,507.0
25,1025.0,472.0
25,1020.0,410.0
25,836.0,410.0
25,920.0,313.0
25,845.0,304.0
25,916.0,198.0
25,902.0,832.0
25,922.0,460.0
25,995.0,294.0
26,942.0,794.0
26,953.0,673.0
26,894.0,654.0
26,810.0,515.0
26,881.0,503.0
26,962.0,507.0
26,1024.0,471.0
26,1021.0,410.0
26,837.0,410.0
26,919.0,312.0
26,846.0,305.0
26,917.0,199.0
26,901.0,830.0
26,922.0,460.0
26,994.0,293.0
27,942.0,791.0
27,954.0,673.0
27,893.0,654.0
27,811.0,516.0
27,880.0,502.0
27,961.0,507.0
27,1023.0,470.0
27,1020.0,409.0
27,836.0,410.0
27,920.0,314.0
27,846.0,305.0
27,916.0,198.0
27,900.0,829.0
27,922.0,461.0
27,995.0,294.0
28,944.0,786.0
28,955.0,674.0
28,894.0,656.0
28,811.0,515.0
28,879.0,501.0
28,960.0,507.0
28,1023.0,474.0
28,1019.0,410.0
28,835.0,410.0
28,920.0,314.0
28,843.0,303.0
28,917.0,199.0
28,901.0,829.0
28,921.0,459.0
28,995.0,294.0
29,945.0,784.0
29,956.0,674.0
29,894.0,655.0
29,810.0,516.0
29,880.0,502.0
29,960.0,508.0
29,1022.0,473.0
29,1019.0,411.0
29,835.0,410.0
29,920.0,313.0
29,843.0,303.0
29,917.0,199.0
29,902.0,828.0
29,921.0,459.0
29,994.0,293.0
30,946.0,784.0
30,956.0,674.0
30,893.0,655.0
30,811.0,516.0
30,880.0,501.0
30,959.0,506.0
30,1023.0,474.0
30,1020.0,411.0
30,835.0,410.0
30,919.0,312.0
30,844.0,303.0
30,916.0,198.0
30,902.0,828.0
30,921.0,459.0
30,995.0,294.0
31,946.0,784.0
31,955.0,673.0
31,893.0,655.0
31,810.0,516.0
31,879.0,502.0
31,959.0,506.0
31,1023.0,474.0
31,1019.0,410.0
31,834.0,410.0
31,919.0,312.0
31,844.0,304.0
31,917.0,199.0
31,902.0,828.0
31,921.0,459.0
31,995.0,293.0
32,946.0,785.0
32,955.0,674.0
32,894.0,656.0
32,810.0,516.0
32,880.0,502.0
32,959.0,506.0
32,1023.0,474.0
32,1019.0,410.0
32,835.0,410.0
32,919.0,312.0
32,843.0,303.0
32,916.0,198.0
32,902.0,828.0
32,921.0,459.0
32,994.0,292.0
33,946.0,774.0
33,958.0,673.0
33,894.0,657.0
33,812.0,518.0
33,878.0,499.0
33,958.0,504.0
33,1022.0,480.0
33,1016.0,409.0
33,832.0,410.0
33,917.0,309.0
33,843.0,299.0
33,915.0,194.0
33,903.0,827.0
33,920.0,457.0
33,993.0,291.0
34,946.0,771.0
34,958.0,672.0
34,894.0,657.0
34,812.0,518.0
34,877.0,498.0
34,956.0,502.0
34,1023.0,481.0
34,1015.0,407.0
34,831.0,408.0
34,916.0,308.0
34,842.0,299.0
34,915.0,194.0
34,903.0,827.0
34,920.0,457.0
34,992.0,289.0
35,946.0,770.0
35,959.0,672.0
35,894.0,657.0
35,811.0,518.0
35,877.0,496.0
35,957.0,502.0
35,1022.0,483.0
35,1014.0,406.0
35,832.0,408.0
35,916.0,307.0
35,840.0,297.0
35,914.0,193.0
35,904.0,827.0
35,919.0,455.0
35,993.0,288.0
36,946.0,770.0
36,959.0,672.0
36,893.0,656.0
36,812.0,518.0
36,877.0,496.0
36,958.0,503.0
36,1021.0,481.0
36,1014.0,406.0
36,832.0,408.0
36,916.0,307.0
36,839.0,297.0
36,914.0,193.0
36,904.0,826.0
36,919.0,454.0
36,993.0,288.0
37,947.0,771.0
37,959.0,672.0
37,893.0,656.0
37,811.0,517.0
37,878.0,497.0
37,957.0,502.0
37,1020.0,480.0
37,1014.0,406.0
37,831.0,409.0
37,916.0,307.0
37,840.0,298.0
37,912.0,191.0
37,904.0,826.0
37,919.0,455.0
37,993.0,288.0
38,948.0,771.0
38,959.0,671.0
38,894.0,657.0
38,810.0,516.0
38,877.0,495.0
38,957.0,501.0
38,1020.0,481.0
38,1014.0,405.0
38,830.0,407.0
38,916.0,306.0
38,841.0,297.0
38,912.0,191.0
38,903.0,824.0
38,919.0,454.0
38,992.0,288.0
39,948.0,771.0
39,959.0,671.0
39,893.0,656.0
39,810.0,516.0
39,876.0,494.0
39,958.0,502.0
39,1021.0,482.0
39,1014.0,406.0
39,830.0,407.0
39,918.0,308.0
39,840.0,297.0
39,912.0,190.0
39,903.0,824.0
39,917.0,452.0
39,992.0,288.0
40,949.0,770.0
40,959.0,668.0
40,894.0,658.0
40,811.0,515.0
40,875.0,492.0
40,958.0,501.0
40,1020.0,485.0
40,1012.0,403.0
40,829.0,407.0
40,918.0,306.0
40,840.0,294.0
40,913.0,189.0
40,903.0,824.0
40,916.0,451.0
40,992.0,286.0
41,950.0,770.0
41,960.0,668.0
41,893.0,655.0
41,812.0,516.0
41,875.0,491.0
41,957.0,501.0
41,1019.0,484.0
41,1012.0,404.0
41,829.0,406.0
41,916.0,305.0
41,840.0,295.0
41,912.0,189.0
41,903.0,824.0
41,917.0,450.0
41,992.0,286.0
42,950.0,770.0
42,960.0,668.0
42,893.0,656.0
42,812.0,516.0
42,875.0,492.0
42,958.0,501.0
42,1019.0,485.0
42,1012.0,404.0
42,829.0,407.0
42,916.0,304.0
42,841.0,295.0
42,912.0,189.0
42,903.0,823.0
42,917.0,450.0
42,993.0,287.0
43,951.0,770.0
43,961.0,664.0
43,893.0,655.0
43,809.0,510.0
43,875.0,488.0
43,958.0,497.0
43,1018.0,489.0
43,1009.0,400.0
43,826.0,404.0
43,914.0,299.0
43,840.0,291.0
43,912.0,185.0
43,904.0,824.0
43,917.0,447.0
43,992.0,282.0
44,951.0,771.0
44,961.0,663.0
44,893.0,655.0
44,809.0,511.0
44,874.0,489.0
44,957.0,496.0
44,1019.0,489.0
44,1010.0,401.0
44,827.0,405.0
44,914.0,300.0
44,839.0,291.0
44,913.0,186.0
44,905.0,824.0
44,917.0,447.0
44,990.0,281.0
45,952.0,772.0
45,961.0,661.0
45,893.0,655.0
45,808.0,508.0
45,875.0,489.0
45,956.0,496.0
45,1018.0,489.0
45,1009.0,399.0
45,826.0,404.0
45,915.0,300.0
45,839.0,289.0
45,913.0,185.0
45,905.0,825.0
45,917.0,446.0
45,990.0,280.0
46,952.0,771.0
46,961.0,662.0
46,892.0,654.0
46,806.0,506.0
46,875.0,489.0
46,956.0,496.0
46,1018.0,489.0
46,1009.0,399.0
46,826.0,404.0
46,915.0,299.0
46,839.0,290.0
46,913.0,184.0
46,904.0,824.0
46,915.0,445.0
46,988.0,278.0
47,953.0,775.0
47,961.0,657.0
47,893.0,654.0
47,807.0,502.0
47,876.0,487.0
47,957.0,494.0
47,1018.0,493.0
47,1007.0,397.0
47,823.0,403.0
47,914.0,297.0
47,839.0,287.0
47,914.0,185.0
47,905.0,824.0
47,914.0,443.0
47,988.0,277.0
48,953.0,775.0
48,960.0,656.0
48,892.0,653.0
48,807.0,502.0
48,875.0,485.0
48,956.0,493.0
48,1018.0,493.0
48,1008.0,398.0
48,823.0,402.0
48,914.0,297.0
48,838.0,286.0
48,913.0,184.0
48,905.0,825.0
48,915.0,442.0
48,988.0,276.0
49,952.0,776.0
49,959.0,655.0
49,892.0,653.0
49,808.0,502.0
49,875.0,486.0
49,956.0,493.0
49,1018.0,494.0
49,1007.0,397.0
49,822.0,401.0
49,915.0,298.0
49,839.0,287.0
49,913.0,183.0
49,906.0,826.0
49,914.0,442.0
49,989.0,278.0
50,951.0,776.0
50,960.0,656.0
50,892.0,653.0
50,808.0,502.0
50,875.0,486.0
50,956.0,493.0
50,1017.0,494.0
50,1007.0,397.0
50,822.0,401.0
50,916.0,298.0
50,839.0,287.0
50,913.0,183.0
50,905.0,826.0
50,914.0,442.0
50,990.0,278.0
51,952.0,778.0
51,960.0,654.0
51,892.0,653.0
51,809.0,501.0
51,874.0,486.0
51,956.0,493.0
51,1017.0,494.0
51,1006.0,396.0
51,822.0,402.0
51,914.0,297.0
51,839.0,287.0
51,912.0,182.0
51,905.0,826.0
51,914.0,441.0
51,990.0,279.0
52,952.0,783.0
52,959.0,650.0
52,892.0,653.0
52,808.0,496.0
52,875.0,485.0
52,955.0,491.0
52,1018.0,498.0
52,1005.0,395.0
52,821.0,401.0
52,915.0,297.0
52,839.0,286.0
52,912.0,180.0
52,906.0,827.0
52,914.0,441.0
52,991.0,279.0
53,952.0,783.0
53,958.0,651.0
53,892.0,653.0
53,807.0,496.0
53,875.0,486.0
53,955.0,491.0
53,1018.0,497.0
53,1005.0,394.0
53,821.0,401.0
53,915.0,297.0
53,837.0,284.0
53,912.0,180.0
53,906.0,827.0
53,914.0,442.0
53,991.0,279.0
54,952.0,786.0
54,958.0,649.0
54,892.0,653.0
54,808.0,496.0
54,875.0,485.0
54,956.0,492.0
54,1018.0,498.0
54,1005.0,394.0
54,820.0,400.0
54,915.0,297.0
54,838.0,285.0
54,912.0,180.0
54,906.0,828.0
54,914.0,442.0
54,991.0,280.0
55,951.0,787.0
55,957.0,648.0
55,893.0,653.0
55,808.0,494.0
55,874.0,485.0
55,957.0,492.0
55,1017.0,497.0
55,1004.0,394.0
55,819.0,400.0
55,914.0,296.0
55,839.0,286.0
55,912.0,180.0
55,907.0,829.0
55,914.0,442.0
55,991.0,280.0
56,951.0,788.0
56,957.0,648.0
56,893.0,653.0
56,808.0,494.0
56,874.0,485.0
56,957.0,492.0
56,1017.0,497.0
56,1004.0,394.0
56,819.0,400.0
56,914.0,296.0
56,839.0,286.0
56,912.0,180.0
56,907.0,830.0
56,915.0,443.0
56,991.0,280.0
57,950.0,790.0
57,957.0,647.0
57,892.0,653.0
57,808.0,493.0
57,875.0,486.0
57,957.0,492.0
57,1017.0,498.0
57,1005.0,395.0
57,819.0,400.0
57,915.0,297.0
57,838.0,285.0
57,913.0,181.0
57,907.0,830.0
57,914.0,442.0
57,990.0,279.0
58,949.0,792.0
58,956.0,647.0
58,893.0,653.0
58,808.0,490.0
58,875.0,486.0
58,956.0,491.0
58,1017.0,498.0
58,1003.0,394.0
58,818.0,399.0
58,914.0,297.0
58,837.0,284.0
58,913.0,182.0
58,907.0,830.0
58,915.0,443.0
58,991.0,280.0
59,950.0,792.0
59,955.0,646.0
59,893.0,653.0
59,809.0,490.0
59,875.0,486.0
59,957.0,492.0
59,1017.0,499.0
59,1003.0,394.0
59,818.0,400.0
59,914.0,296.0
59,838.0,284.0
59,914.0,183.0
59,907.0,829.0
59,915.0,443.0
59,991.0,280.0
60,949.0,798.0
60,955.0,644.0
60,893.0,654.0
60,810.0,487.0
60,877.0,487.0
60,956.0,492.0
60,1017.0,501.0
60,1004.0,394.0
60,817.0,401.0
60,915.0,297.0
60,839.0,285.0
60,914.0,183.0
60,907.0,829.0
60,914.0,443.0
60,991.0,281.0
61,951.0,803.0
61,954.0,644.0
61,893.0,654.0
61,810.0,486.0
61,877.0,488.0
61,956.0,493.0
61,1017.0,500.0
61,1002.0,394.0
61,817.0,401.0
61,915.0,299.0
61,838.0,285.0
61,914.0,183.0
61,907.0,829.0
61,914.0,444.0
61,993.0,283.0
62,951.0,803.0
62,954.0,644.0
62,893.0,654.0
62,810.0,486.0
62,876.0,488.0
62,956.0,493.0
62,1016.0,500.0
62,1002.0,394.0
62,817.0,401.0
62,916.0,299.0
62,839.0,286.0
62,915.0,184.0
62,907.0,829.0
62,915.0,445.0
62,993.0,283.0
63,951.0,805.0
63,954.0,644.0
63,893.0,655.0
63,810.0,486.0
63,876.0,488.0
63,957.0,494.0
63,1017.0,502.0
63,1001.0,394.0
63,817.0,402.0
63,916.0,300.0
63,839.0,287.0
63,915.0,185.0
63,907.0,830.0
63,916.0,446.0
63,992.0,283.0
64,951.0,805.0
64,954.0,644.0
64,893.0,655.0
64,810.0,485.0
64,876.0,488.0
64,956.0,493.0
64,1017.0,501.0
64,1001.0,394.0
64,817.0,402.0
64,915.0,299.0
64,840.0,287.0
64,915.0,185.0
64,907.0,829.0
64,915.0,446.0
64,992.0,282.0
65,949.0,804.0
65,954.0,644.0
65,893.0,655.0
65,810.0,484.0
65,876.0,488.0
65,957.0,494.0
65,1017.0,503.0
65,1001.0,394.0
65,817.0,402.0
65,915.0,299.0
65,840.0,287.0
65,915.0,185.0
65,906.0,828.0
65,915.0,446.0
65,991.0,282.0
66,949.0,809.0
66,951.0,643.0
66,893.0,655.0
66,810.0,482.0
66,876.0,490.0
66,956.0,494.0
66,1017.0,503.0
66,1000.0,393.0
66,817.0,403.0
66,917.0,302.0
66,840.0,288.0
66,916.0,186.0
66,907.0,828.0
66,915.0,447.0
66,990.0,282.0
67,948.0,814.0
67,951.0,643.0
67,893.0,656.0
67,811.0,481.0
67,877.0,492.0
67,956.0,495.0
67,1017.0,504.0
67,1000.0,396.0
67,816.0,404.0
67,916.0,303.0
67,841.0,289.0
67,916.0,189.0
67,906.0,827.0
67,916.0,450.0
67,992.0,287.0
68,948.0,814.0
68,952.0,644.0
68,892.0,657.0
68,811.0,480.0
68,877.0,492.0
68,958.0,497.0
68,1017.0,504.0
68,1001.0,396.0
68,815.0,404.0
68,916.0,303.0
68,841.0,290.0
68,916.0,188.0
68,906.0,826.0
68,916.0,450.0
68,992.0,287.0
69,948.0,814.0
69,952.0,644.0
69,891.0,656.0
69,811.0,480.0
69,877.0,492.0
69,958.0,497.0
69,1017.0,504.0
69,1000.0,396.0
69,816.0,404.0
69,916.0,303.0
69,841.0,290.0
69,917.0,188.0
69,907.0,827.0
69,916.0,450.0
69,992.0,288.0
70,946.0,817.0
70,951.0,644.0
70,891.0,656.0
70,812.0,480.0
70,877.0,494.0
70,958.0,499.0
70,1016.0,505.0
70,1000.0,396.0
70,817.0,406.0
70,917.0,304.0
70,841.0,292.0
70,918.0,191.0
70,906.0,824.0
70,917.0,451.0
70,993.0,289.0
71,946.0,817.0
71,949.0,643.0
71,892.0,659.0
71,812.0,479.0
71,877.0,494.0
71,958.0,499.0
71,1016.0,503.0
71,1000.0,396.0
71,816.0,406.0
71,918.0,306.0
71,841.0,292.0
71,918.0,191.0
71,907.0,825.0
71,917.0,452.0
71,993.0,290.0
72,946.0,822.0
72,948.0,643.0
72,892.0,660.0
72,813.0,479.0
72,877.0,496.0
72,960.0,501.0
72,1016.0,504.0
72,1000.0,399.0
72,816.0,407.0
72,918.0,309.0
72,841.0,294.0
72,919.0,192.0
72,907.0,821.0
72,917.0,455.0
72,993.0,292.0
73,946.0,823.0
73,948.0,644.0
73,891.0,661.0
73,813.0,478.0
73,877.0,497.0
73,960.0,502.0
73,1015.0,504.0
73,1000.0,399.0
73,817.0,408.0
73,917.0,307.0
73,842.0,295.0
73,919.0,194.0
73,906.0,820.0
73,917.0,455.0
73,994.0,293.0
74,947.0,824.0
74,949.0,646.0
74,892.0,663.0
74,813.0,478.0
74,877.0,497.0
74,961.0,504.0
74,1015.0,506.0
74,999.0,399.0
74,817.0,408.0
74,917.0,308.0
74,842.0,295.0
74,919.0,194.0
74,906.0,820.0
74,917.0,455.0
74,994.0,293.0
75,946.0,827.0
75,949.0,647.0
75,892.0,664.0
75,814.0,478.0
75,877.0,499.0
75,961.0,504.0
75,1017.0,508.0
75,1002.0,402.0
75,817.0,410.0
75,918.0,311.0
75,843.0,297.0
75,920.0,196.0
75,905.0,815.0
75,916.0,455.0
75,995.0,294.0
76,946.0,827.0
76,948.0,647.0
76,892.0,665.0
76,815.0,478.0
76,879.0,500.0
76,960.0,503.0
76,1016.0,507.0
76,1002.0,402.0
76,817.0,410.0
76,918.0,310.0
76,843.0,296.0
76,921.0,196.0
76,905.0,816.0
76,916.0,456.0
76,994.0,293.0
77,945.0,827.0
77,948.0,647.0
77,892.0,665.0
77,815.0,478.0
77,879.0,500.0
77,960.0,503.0
77,1015.0,506.0
77,1002.0,403.0
77,817.0,410.0
77,918.0,310.0
77,843.0,296.0
77,920.0,196.0
77,905.0,815.0
77,917.0,456.0
77,994.0,295.0
78,944.0,828.0
78,948.0,649.0
78,891.0,668.0
78,816.0,479.0
78,880.0,502.0
78,960.0,504.0
78,1015.0,509.0
78,1003.0,405.0
78,817.0,410.0
78,920.0,313.0
78,844.0,298.0
78,922.0,197.0
78,904.0,808.0
78,917.0,459.0
78,994.0,297.0
79,944.0,828.0
79,948.0,650.0
79,891.0,668.0
79,816.0,479.0
79,879.0,501.0
79,960.0,504.0
79,1016.0,509.0
79,1003.0,406.0
79,818.0,411.0
79,920.0,313.0
79,844.0,298.0
79,921.0,197.0
79,905.0,809.0
79,917.0,458.0
79,994.0,296.0
80,944.0,829.0
80,947.0,650.0
80,891.0,668.0
80,816.0,479.0
80,880.0,502.0
80,960.0,505.0
80,1016.0,510.0
80,1003.0,406.0
80,818.0,412.0
80,920.0,313.0
80,845.0,299.0
80,921.0,198.0
80,904.0,805.0
80,917.0,459.0
80,996.0,298.0
81,943.0,829.0
81,946.0,650.0
81,890.0,669.0
81,816.0,480.0
81,881.0,504.0
81,961.0,505.0
81,1017.0,510.0
81,1004.0,407.0
81,819.0,413.0
81,920.0,314.0
81,845.0,299.0
81,924.0,200.0
81,903.0,800.0
81,917.0,459.0
81,996.0,298.0
82,943.0,829.0
82,947.0,652.0
82,889.0,669.0
82,816.0,480.0
82,881.0,504.0
82,961.0,505.0
82,1017.0,510.0
82,1004.0,407.0
82,820.0,414.0
82,921.0,314.0
82,846.0,300.0
82,923.0,200.0
82,903.0,801.0
82,919.0,460.0
82,995.0,297.0
83,943.0,829.0
83,947.0,652.0
83,889.0,670.0
83,816.0,480.0
83,881.0,505.0
83,961.0,505.0
83,1016.0,510.0
83,1003.0,406.0
83,820.0,413.0
83,921.0,314.0
83,846.0,300.0
83,922.0,199.0
83,903.0,800.0
83,919.0,461.0
83,997.0,298.0
84,943.0,829.0
84,946.0,652.0
84,890.0,671.0
84,816.0,480.0
84,881.0,505.0
84,961.0,505.0
84,1017.0,511.0
84,1003.0,407.0
84,820.0,413.0
84,921.0,315.0
84,845.0,300.0
84,922.0,199.0
84,903.0,797.0
84,919.0,460.0
84,997.0,298.0
85,942.0,829.0
85,947.0,653.0
85,890.0,671.0
85,816.0,480.0
85,881.0,505.0
85,961.0,505.0
85,1018.0,511.0
85,1003.0,407.0
85,820.0,413.0
85,921.0,314.0
85,845.0,299.0
85,922.0,199.0
85,903.0,797.0
85,918.0,459.0
85,997.0,298.0
86,941.0,827.0
86,947.0,656.0
86,888.0,672.0
86,817.0,484.0
86,882.0,505.0
86,962.0,504.0
86,1020.0,513.0
86,1004.0,407.0
86,821.0,413.0
86,922.0,313.0
86,847.0,299.0
86,923.0,198.0
86,900.0,787.0
86,919.0,460.0
86,998.0,298.0
87,941.0,828.0
87,947.0,656.0
87,888.0,672.0
87,817.0,484.0
87,882.0,505.0
87,962.0,504.0
87,1019.0,513.0
87,1005.0,407.0
87,822.0,413.0
87,922.0,313.0
87,847.0,299.0
87,925.0,199.0
87,900.0,786.0
87,919.0,459.0
87,999.0,299.0
88,941.0,828.0
88,947.0,656.0
88,887.0,672.0
88,818.0,485.0
88,882.0,505.0
88,962.0,504.0
88,1020.0,513.0
88,1005.0,407.0
88,824.0,414.0
88,922.0,313.0
88,847.0,298.0
88,925.0,200.0
88,900.0,783.0
88,919.0,459.0
88,999.0,299.0
89,941.0,828.0
89,947.0,656.0
89,887.0,672.0
89,817.0,485.0
89,882.0,505.0
89,963.0,504.0
89,1020.0,513.0
89,1005.0,407.0
89,824.0,414.0
89,922.0,313.0
89,847.0,298.0
89,926.0,200.0
89,900.0,783.0
89,919.0,459.0
89,999.0,298.0
90,940.0,826.0
90,947.0,656.0
90,886.0,671.0
90,817.0,486.0
90,883.0,504.0
90,962.0,502.0
90,1020.0,513.0
90,1006.0,407.0
90,826.0,414.0
90,923.0,312.0
90,847.0,298.0
90,926.0,198.0
90,899.0,779.0
90,919.0,457.0
90,1000.0,297.0
91,940.0,826.0
91,946.0,655.0
91,886.0,672.0
91,818.0,487.0
91,883.0,504.0
91,963.0,502.0
91,1020.0,513.0
91,1006.0,406.0
91,825.0,412.0
91,923.0,312.0
91,847.0,298.0
91,925.0,197.0
91,899.0,779.0
91,920.0,457.0
91,999.0,297.0
92,939.0,825.0
92,947.0,656.0
92,886.0,672.0
92,818.0,488.0
92,883.0,504.0
92,963.0,502.0
92,1021.0,513.0
92,1006.0,406.0
92,825.0,412.0
92,923.0,311.0
92,847.0,297.0
92,925.0,196.0
92,898.0,776.0
92,919.0,456.0
92,1000.0,296.0
93,940.0,825.0
93,947.0,656.0
93,886.0,672.0
93,818.0,488.0
93,883.0,504.0
93,964.0,502.0
93,1022.0,514.0
93,1006.0,405.0
93,825.0,411.0
93,923.0,311.0
93,847.0,296.0
93,925.0,196.0
93,897.0,776.0
93,919.0,456.0
93,999.0,296.0
94,940.0,826.0
94,947.0,656.0
94,885.0,671.0
94,817.0,489.0
94,884.0,503.0
94,964.0,501.0
94,1022.0,512.0
94,1006.0,405.0
94,826.0,411.0
94,923.0,309.0
94,848.0,296.0
94,926.0,195.0
94,898.0,772.0
94,920.0,455.0
94,1000.0,295.0
95,940.0,825.0
95,947.0,656.0
95,885.0,670.0
95,818.0,490.0
95,884.0,503.0
95,964.0,501.0
95,1022.0,512.0
95,1007.0,405.0
95,826.0,411.0
95,923.0,309.0
95,848.0,295.0
95,926.0,195.0
95,897.0,772.0
95,921.0,455.0
95,1000.0,295.0
96,939.0,824.0
96,947.0,656.0
96,884.0,669.0
96,818.0,493.0
96,885.0,502.0
96,965.0,498.0
96,1022.0,511.0
96,1009.0,404.0
96,827.0,410.0
96,925.0,308.0
96,846.0,290.0
96,927.0,193.0
96,894.0,768.0
96,922.0,454.0
96,1001.0,294.0
97,939.0,824.0
97,946.0,655.0
97,885.0,671.0
97,818.0,491.0
97,884.0,501.0
97,965.0,499.0
97,1022.0,511.0
97,1009.0,404.0
97,828.0,410.0
97,925.0,309.0
97,847.0,291.0
97,927.0,194.0
97,895.0,769.0
97,922.0,454.0
97,1001.0,293.0
98,939.0,824.0
98,946.0,655.0
98,884.0,669.0
98,817.0,490.0
98,885.0,501.0
98,964.0,498.0
98,1023.0,511.0
98,1010.0,405.0
98,828.0,409.0
98,924.0,307.0
98,848.0,293.0
98,927.0,194.0
98,896.0,770.0
98,921.0,454.0
98,1001.0,294.0
99,938.0,823.0
99,947.0,655.0
99,883.0,667.0
99,817.0,493.0
99,885.0,498.0
99,965.0,496.0
99,1024.0,511.0
99,1012.0,404.0
99,828.0,407.0
99,925.0,306.0
99,848.0,290.0
99,927.0,190.0
99,895.0,768.0
99,922.0,452.0
99,999.0,290.0
100,938.0,823.0
100,946.0,654.0
100,883.0,663.0
100,817.0,494.0
100,885.0,497.0
100,966.0,493.0
100,1025.0,508.0
100,1013.0,402.0
100,831.0,403.0
100,926.0,303.0
100,849.0,288.0
100,927.0,187.0
100,894.0,767.0
100,923.0,448.0
100,1001.0,287.0
101,938.0,823.0
101,947.0,653.0
101,883.0,663.0
101,818.0,495.0
101,885.0,497.0
101,966.0,494.0
101,1026.0,508.0
101,1013.0,402.0
101,830.0,403.0
101,926.0,303.0
101,849.0,288.0
101,928.0,188.0
101,894.0,768.0
101,923.0,448.0
101,1001.0,287.0
102,938.0,823.0
102,947.0,653.0
102,883.0,664.0
102,818.0,496.0
102,885.0,496.0
102,966.0,493.0
102,1026.0,508.0
102,1013.0,402.0
102,830.0,404.0
102,926.0,303.0
102,850.0,288.0
102,927.0,188.0
102,893.0,766.0
102,923.0,448.0
102,1003.0,289.0
103,938.0,823.0
103,948.0,654.0
103,883.0,664.0
103,818.0,496.0
103,885.0,496.0
103,966.0,493.0
103,1026.0,508.0
103,1014.0,402.0
103,830.0,403.0
103,925.0,301.0
103,850.0,288.0
103,928.0,188.0
103,893.0,768.0
103,923.0,448.0
103,1002.0,288.0
104,938.0,823.0
104,947.0,653.0
104,882.0,662.0
104,818.0,495.0
104,885.0,496.0
104,966.0,492.0
104,1027.0,508.0
104,1014.0,401.0
104,831.0,403.0
104,925.0,301.0
104,850.0,288.0
104,928.0,187.0
104,894.0,768.0
104,924.0,448.0
104,1003.0,288.0
105,937.0,822.0
105,948.0,654.0
105,882.0,662.0
105,817.0,495.0
105,885.0,495.0
105,965.0,491.0
105,1027.0,507.0
105,1014.0,401.0
105,831.0,403.0
105,926.0,302.0
105,850.0,288.0
105,928.0,187.0
105,894.0,768.0
105,923.0,447.0
105,1002.0,287.0
106,937.0,822.0
106,947.0,653.0
106,882.0,662.0
106,818.0,496.0
106,885.0,496.0
106,966.0,492.0
106,1026.0,507.0
106,1014.0,401.0
106,831.0,403.0
106,926.0,302.0
106,850.0,287.0
106,928.0,187.0
106,893.0,768.0
106,922.0,447.0
106,1002.0,286.0
107,937.0,823.0
107,948.0,653.0
107,882.0,659.0
107,817.0,496.0
107,885.0,493.0
107,966.0,490.0
107,1027.0,503.0
107,1017.0,401.0
107,832.0,401.0
107,926.0,301.0
107,850.0,285.0
107,928.0,185.0
107,892.0,770.0
107,923.0,447.0
107,1002.0,285.0
108,937.0,824.0
108,948.0,653.0
108,882.0,656.0
108,818.0,500.0
108,885.0,492.0
108,966.0,489.0
108,1028.0,500.0
108,1018.0,401.0
108,833.0,399.0
108,926.0,299.0
108,850.0,284.0
108,928.0,184.0
108,893.0,773.0
108,924.0,445.0
108,1002.0,283.0
109,938.0,825.0
109,949.0,653.0
109,882.0,654.0
109,818.0,500.0
109,886.0,491.0
109,966.0,488.0
109,1029.0,498.0
109,1020.0,399.0
109,835.0,399.0
109,926.0,297.0
109,850.0,284.0
109,928.0,183.0
109,892.0,776.0
109,925.0,443.0
109,1002.0,282.0
110,938.0,825.0
110,949.0,653.0
110,882.0,654.0
110,817.0,500.0
110,886.0,491.0
110,966.0,488.0
110,1029.0,498.0
110,1019.0,398.0
110,835.0,399.0
110,926.0,297.0
110,850.0,284.0
110,928.0,183.0
110,892.0,776.0
110,925.0,444.0
110,1003.0,282.0
111,937.0,826.0
111,949.0,653.0
111,883.0,652.0
111,817.0,500.0
111,886.0,491.0
111,967.0,487.0
111,1028.0,493.0
111,1019.0,398.0
111,835.0,398.0
111,926.0,297.0
111,851.0,284.0
111,927.0,182.0
111,892.0,781.0
111,924.0,443.0
111,1002.0,281.0
112,936.0,825.0
112,947.0,651.0
112,882.0,651.0
112,818.0,501.0
112,886.0,490.0
112,967.0,488.0
112,1029.0,493.0
112,1020.0,398.0
112,835.0,398.0
112,926.0,297.0
112,851.0,283.0
112,927.0,182.0
112,892.0,781.0
112,925.0,443.0
112,1002.0,281.0
113,936.0,825.0
113,948.0,651.0
113,883.0,652.0
113,818.0,502.0
113,885.0,491.0
113,966.0,487.0
113,1029.0,493.0
113,1020.0,398.0
113,835.0,398.0
113,926.0,297.0
113,851.0,283.0
113,928.0,182.0
113,893.0,781.0
113,925.0,443.0
113,1002.0,281.0
114,936.0,826.0
114,948.0,651.0
114,884.0,651.0
114,818.0,502.0
114,885.0,490.0
114,967.0,488.0
114,1029.0,491.0
114,1020.0,398.0
114,835.0,397.0
114,926.0,297.0
114,851.0,283.0
114,926.0,181.0
114,892.0,783.0
114,925.0,443.0
114,1001.0,279.0
115,936.0,827.0
115,948.0,651.0
115,884.0,648.0
115,818.0,503.0
115,885.0,490.0
115,967.0,488.0
115,1029.0,487.0
115,1022.0,398.0
115,837.0,398.0
115,926.0,297.0
115,851.0,284.0
115,927.0,182.0
115,891.0,788.0
115,925.0,443.0
115,1002.0,281.0
116,936.0,828.0
116,948.0,651.0
116,885.0,648.0
116,818.0,504.0
116,886.0,490.0
116,966.0,487.0
116,1029.0,485.0
116,1022.0,398.0
116,837.0,398.0
116,926.0,296.0
116,851.0,284.0
116,927.0,182.0
116,892.0,791.0
116,925.0,443.0
116,1002.0,281.0
117,936.0,828.0
117,948.0,651.0
117,885.0,648.0
117,818.0,504.0
117,885.0,490.0
117,966.0,488.0
117,1029.0,485.0
117,1022.0,398.0
117,837.0,398.0
117,925.0,297.0
117,851.0,284.0
117,927.0,182.0
117,892.0,791.0
117,925.0,443.0
117,1001.0,280.0
118,936.0,828.0
118,948.0,651.0
118,884.0,647.0
118,818.0,504.0
118,886.0,490.0
118,966.0,488.0
118,1029.0,485.0
118,1022.0,398.0
118,837.0,397.0
118,926.0,297.0
118,850.0,284.0
118,927.0,182.0
118,892.0,791.0
118,926.0,443.0
118,1003.0,281.0
119,936.0,828.0
119,948.0,651.0
119,885.0,647.0
119,818.0,504.0
119,885.0,490.0
119,967.0,488.0
119,1029.0,484.0
119,1023.0,398.0
119,837.0,397.0
119,925.0,297.0
119,851.0,284.0
119,926.0,183.0
119,892.0,794.0
119,925.0,443.0
119,1002.0,281.0
120,935.0,828.0
120,948.0,652.0
120,886.0,646.0
120,817.0,503.0
120,886.0,491.0
120,967.0,488.0
120,1029.0,480.0
120,1023.0,398.0
120,838.0,398.0
120,925.0,297.0
120,850.0,286.0
120,926.0,184.0
120,890.0,797.0
120,925.0,444.0
120,1002.0,281.0
121,936.0,828.0
121,948.0,652.0
121,886.0,646.0
121,817.0,505.0
121,886.0,491.0
121,967.0,489.0
121,1030.0,481.0
121,1024.0,399.0
121,838.0,397.0
121,926.0,298.0
121,850.0,285.0
121,926.0,184.0
121,892.0,800.0
121,925.0,444.0
121,1002.0,281.0
122,936.0,828.0
122,948.0,653.0
122,888.0,646.0
122,817.0,506.0
122,885.0,491.0
122,966.0,489.0
122,1029.0,476.0
122,1024.0,399.0
122,838.0,398.0
122,926.0,300.0
122,849.0,286.0
122,926.0,185.0
122,893.0,806.0
122,925.0,445.0
122,1002.0,282.0
123,935.0,828.0
123,948.0,653.0
123,888.0,646.0
123,818.0,506.0
123,885.0,492.0
123,966.0,490.0
123,1029.0,477.0
123,1024.0,400.0
123,839.0,399.0
123,926.0,300.0
123,849.0,286.0
123,925.0,185.0
123,893.0,806.0
123,925.0,446.0
123,1002.0,282.0
124,936.0,828.0
124,947.0,653.0
124,887.0,645.0
124,817.0,506.0
124,885.0,492.0
124,965.0,490.0
124,1030.0,477.0
124,1024.0,400.0
124,838.0,397.0
124,926.0,300.0
124,849.0,287.0
124,925.0,185.0
124,894.0,807.0
124,925.0,446.0
124,1002.0,282.0
125,936.0,827.0
125,947.0,655.0
125,888.0,646.0
125,817.0,508.0
125,885.0,494.0
125,965.0,494.0
125,1029.0,473.0
125,1024.0,401.0
125,839.0,399.0
125,925.0,303.0
125,849.0,290.0
125,924.0,188.0
125,893.0,813.0
125,925.0,449.0
125,1001.0,285.0
126,936.0,826.0
126,948.0,656.0
126,889.0,644.0
126,816.0,508.0
126,884.0,494.0
126,965.0,494.0
126,1029.0,472.0
126,1025.0,402.0
126,839.0,400.0
126,924.0,303.0
126,849.0,292.0
126,924.0,189.0
126,892.0,813.0
126,924.0,449.0
126,1001.0,286.0
127,936.0,824.0
127,948.0,658.0
127,890.0,645.0
127,817.0,509.0
127,885.0,496.0
127,965.0,495.0
127,1029.0,471.0
127,1026.0,403.0
127,839.0,400.0
127,924.0,303.0
127,849.0,292.0
127,924.0,190.0
127,894.0,818.0
127,925.0,451.0
127,1000.0,286.0
128,936.0,825.0
128,947.0,658.0
128,890.0,646.0
128,817.0,509.0
128,885.0,496.0
128,965.0,496.0
128,1029.0,471.0
128,1026.0,404.0
128,839.0,401.0
128,924.0,303.0
128,849.0,292.0
128,924.0,190.0
128,895.0,818.0
128,925.0,451.0
128,1000.0,286.0
129,936.0,824.0
129,947.0,658.0
129,890.0,646.0
129,817.0,509.0
129,884.0,496.0
129,964.0,497.0
129,1028.0,470.0
129,1026.0,404.0
129,839.0,401.0
129,924.0,304.0
129,848.0,293.0
129,923.0,191.0
129,895.0,821.0
129,925.0,451.0
129,1001.0,287.0
130,936.0,824.0
130,948.0,658.0
130,891.0,646.0
130,817.0,509.0
130,884.0,497.0
130,965.0,497.0
130,1028.0,470.0
130,1026.0,404.0
130,839.0,401.0
130,924.0,305.0
130,848.0,293.0
130,923.0,191.0
130,895.0,820.0
130,925.0,451.0
130,999.0,287.0
131,936.0,823.0
131,948.0,659.0
131,890.0,645.0
131,817.0,510.0
131,885.0,496.0
131,965.0,497.0
131,1028.0,470.0
131,1025.0,404.0
131,839.0,402.0
131,924.0,305.0
131,848.0,294.0
131,923.0,191.0
131,895.0,820.0
131,925.0,451.0
131,999.0,287.0
132,936.0,820.0
132,947.0,661.0
132,892.0,647.0
132,817.0,510.0
132,884.0,498.0
132,965.0,500.0
132,1028.0,469.0
132,1025.0,405.0
132,840.0,404.0
132,923.0,307.0
132,848.0,296.0
132,922.0,192.0
132,897.0,825.0
132,924.0,453.0
132,999.0,288.0
133,937.0,821.0
133,947.0,661.0
133,892.0,647.0
133,817.0,511.0
133,884.0,498.0
133,965.0,499.0
133,1027.0,468.0
133,1025.0,405.0
133,840.0,404.0
133,923.0,307.0
133,848.0,296.0
133,923.0,194.0
133,897.0,825.0
133,924.0,454.0
133,1000.0,290.0
134,937.0,816.0
134,947.0,661.0
134,892.0,648.0
134,816.0,512.0
134,884.0,499.0
134,964.0,501.0
134,1026.0,467.0
134,1024.0,406.0
134,840.0,405.0
134,923.0,309.0
134,848.0,299.0
134,923.0,196.0
134,898.0,828.0
134,924.0,455.0
134,999.0,290.0
135,937.0,816.0
135,949.0,663.0
135,892.0,648.0
135,816.0,511.0
135,883.0,499.0
135,964.0,502.0
135,1026.0,466.0
135,1025.0,407.0
135,839.0,405.0
135,922.0,308.0
135,848.0,299.0
135,922.0,196.0
135,897.0,827.0
135,924.0,455.0
135,999.0,291.0
136,937.0,816.0
136,949.0,664.0
136,892.0,648.0
136,815.0,511.0
136,883.0,499.0
136,964.0,501.0
136,1025.0,466.0
136,1025.0,407.0
136,838.0,405.0
136,923.0,309.0
136,848.0,299.0
136,922.0,196.0
136,897.0,826.0
136,924.0,456.0
136,999.0,291.0
137,937.0,812.0
137,949.0,665.0
137,893.0,649.0
137,815.0,513.0
137,883.0,501.0
137,964.0,503.0
137,1026.0,467.0
137,1023.0,407.0
137,839.0,407.0
137,921.0,309.0
137,847.0,300.0
137,920.0,196.0
137,898.0,828.0
137,924.0,457.0
137,999.0,293.0
138,938.0,812.0
138,948.0,665.0
138,893.0,649.0
138,816.0,514.0
138,883.0,501.0
138,963.0,503.0
138,1026.0,467.0
138,1023.0,407.0
138,840.0,407.0
138,922.0,311.0
138,846.0,299.0
138,921.0,196.0
138,898.0,828.0
138,924.0,457.0
138,998.0,292.0
139,939.0,802.0
139,949.0,669.0
139,894.0,653.0
139,815.0,517.0
139,881.0,502.0
139,962.0,506.0
139,1025.0,467.0
139,1022.0,409.0
139,838.0,410.0
139,921.0,313.0
139,845.0,303.0
139,920.0,199.0
139,899.0,830.0
139,921.0,457.0
139,996.0,294.0
140,939.0,802.0
140,950.0,670.0
140,894.0,653.0
140,815.0,516.0
140,882.0,503.0
140,961.0,506.0
140,1025.0,468.0
140,1022.0,409.0
140,838.0,409.0
140,921.0,313.0
140,845.0,302.0
140,919.0,199.0
140,900.0,831.0
140,921.0,459.0
140,996.0,294.0
141,940.0,798.0
141,951.0,669.0
141,894.0,653.0
141,815.0,517.0
141,881.0,503.0
141,962.0,507.0
141,1024.0,468.0
141,1022.0,410.0
141,837.0,409.0
141,920.0,313.0
141,844.0,303.0
141,918.0,199.0
141,900.0,831.0
141,922.0,459.0
141,996.0,294.0
142,940.0,799.0
142,951.0,670.0
142,894.0,653.0
142,815.0,517.0
142,881.0,503.0
142,962.0,507.0
142,1024.0,468.0
142,1022.0,410.0
142,838.0,409.0
142,921.0,314.0
142,845.0,304.0
142,919.0,199.0
142,900.0,831.0
142,922.0,460.0
142,997.0,295.0
143,940.0,798.0
143,951.0,669.0
143,895.0,653.0
143,815.0,517.0
143,881.0,503.0
143,962.0,507.0
143,1024.0,468.0
143,1021.0,409.0
143,838.0,409.0
143,920.0,313.0
143,845.0,303.0
143,919.0,199.0
143,899.0,830.0
143,922.0,460.0
143,997.0,295.0
144,940.0,798.0
144,950.0,669.0
144,894.0,653.0
144,815.0,517.0
144,881.0,503.0
144,961.0,506.0
144,1024.0,468.0
144,1021.0,409.0
144,837.0,409.0
144,921.0,314.0
144,845.0,303.0
144,919.0,199.0
144,900.0,831.0
144,922.0,459.0
144,996.0,294.0
145,942.0,787.0
145,950.0,670.0
145,895.0,656.0
145,814.0,519.0
145,880.0,502.0
145,960.0,507.0
145,1023.0,470.0
145,1018.0,409.0
145,836.0,410.0
145,919.0,313.0
145,844.0,303.0
145,917.0,199.0
145,900.0,829.0
145,922.0,460.0
145,995.0,294.0
146,942.0,787.0
146,952.0,672.0
146,895.0,656.0
146,814.0,519.0
146,880.0,502.0
146,960.0,507.0
146,1022.0,470.0
146,1019.0,410.0
146,836.0,410.0
146,919.0,313.0
146,842.0,302.0
146,917.0,199.0
146,900.0,829.0
146,920.0,459.0
146,995.0,294.0
147,942.0,784.0
147,952.0,671.0
147,895.0,656.0
147,814.0,519.0
147,880.0,502.0
147,960.0,507.0
147,1023.0,472.0
147,1018.0,410.0
147,836.0,410.0
147,919.0,313.0
147,842.0,302.0
147,917.0,199.0
147,901.0,829.0
147,920.0,459.0
147,994.0,294.0
148,942.0,784.0
148,953.0,672.0
148,894.0,656.0
148,814.0,519.0
148,880.0,502.0
148,960.0,507.0
148,1022.0,472.0
148,1019.0,410.0
148,835.0,410.0
148,919.0,313.0
148,843.0,302.0
148,917.0,198.0
148,901.0,829.0
148,921.0,460.0
148,994.0,293.0
149,942.0,779.0
149,953.0,671.0
149,894.0,656.0
149,813.0,519.0
149,879.0,501.0
149,959.0,507.0
149,1022.0,474.0
149,1018.0,409.0
149,835.0,410.0
149,919.0,313.0
149,843.0,303.0
149,916.0,197.0
149,902.0,829.0
149,920.0,458.0
149,994.0,293.0
150,943.0,780.0
150,954.0,672.0
150,895.0,657.0
150,813.0,519.0
150,879.0,501.0
150,959.0,507.0
150,1022.0,474.0
150,1017.0,409.0
150,834.0,410.0
150,919.0,312.0
150,843.0,303.0
150,916.0,197.0
150,903.0,829.0
150,920.0,458.0
150,994.0,292.0
151,943.0,780.0
151,954.0,672.0
151,895.0,657.0
151,813.0,519.0
151,879.0,500.0
151,959.0,507.0
151,1021.0,474.0
151,1017.0,409.0
151,834.0,410.0
151,919.0,313.0
151,842.0,302.0
151,916.0,197.0
151,902.0,827.0
151,920.0,458.0
151,993.0,292.0
152,945.0,776.0
152,955.0,671.0
152,894.0,657.0
152,812.0,519.0
152,878.0,499.0
152,958.0,506.0
152,1021.0,477.0
152,1016.0,408.0
152,833.0,409.0
152,918.0,311.0
152,842.0,302.0
152,915.0,196.0
152,902.0,827.0
152,918.0,456.0
152,994.0,292.0
153,945.0,776.0
153,955.0,670.0
153,894.0,658.0
153,813.0,519.0
153,878.0,499.0
153,959.0,506.0
153,1021.0,477.0
153,1016.0,408.0
153,833.0,410.0
153,918.0,311.0
153,842.0,301.0
153,915.0,196.0
153,903.0,827.0
153,919.0,455.0
153,993.0,292.0
154,946.0,772.0
154,955.0,670.0
154,894.0,657.0
154,812.0,518.0
154,877.0,498.0
154,959.0,505.0
154,1020.0,479.0
154,1016.0,408.0
154,832.0,409.0
154,917.0,308.0
154,841.0,299.0
154,914.0,193.0
154,903.0,826.0
154,918.0,455.0
154,993.0,290.0
155,946.0,770.0
155,956.0,669.0
155,894.0,657.0
155,811.0,517.0
155,877.0,497.0
155,959.0,505.0
155,1020.0,480.0
155,1016.0,408.0
155,831.0,408.0
155,917.0,308.0
155,841.0,298.0
155,914.0,193.0
155,904.0,826.0
155,918.0,454.0
155,993.0,289.0
156,947.0,769.0
156,956.0,666.0
156,894.0,656.0
156,810.0,516.0
156,877.0,494.0
156,958.0,501.0
156,1020.0,484.0
156,1016.0,406.0
156,830.0,408.0
156,916.0,305.0
156,840.0,295.0
156,913.0,190.0
156,904.0,824.0
156,919.0,452.0
156,992.0,286.0
157,947.0,769.0
157,957.0,667.0
157,894.0,656.0
157,811.0,516.0
157,877.0,494.0
157,958.0,501.0
157,1020.0,484.0
157,1014.0,406.0
157,830.0,408.0
157,916.0,305.0
157,840.0,295.0
157,914.0,191.0
157,904.0,824.0
157,918.0,452.0
157,993.0,287.0
158,947.0,768.0
158,958.0,667.0
158,893.0,656.0
158,810.0,515.0
158,877.0,495.0
158,958.0,502.0
158,1021.0,484.0
158,1014.0,406.0
158,830.0,408.0
158,916.0,306.0
158,840.0,295.0
158,914.0,192.0
158,904.0,824.0
158,918.0,452.0
158,993.0,287.0
159,948.0,769.0
159,957.0,667.0
159,893.0,656.0
159,810.0,515.0
159,877.0,494.0
159,958.0,502.0
159,1020.0,484.0
159,1014.0,406.0
159,830.0,408.0
159,917.0,306.0
159,840.0,295.0
159,914.0,191.0
159,904.0,824.0
159,918.0,452.0
159,992.0,287.0
160,948.0,768.0
160,958.0,666.0
160,894.0,657.0
160,810.0,515.0
160,876.0,494.0
160,957.0,501.0
160,1019.0,483.0
160,1013.0,405.0
160,829.0,407.0
160,917.0,305.0
160,840.0,295.0
160,914.0,190.0
160,904.0,825.0
160,918.0,451.0
160,992.0,286.0
161,948.0,767.0
161,958.0,663.0
161,893.0,655.0
161,809.0,512.0
161,876.0,491.0
161,957.0,499.0
161,1017.0,484.0
161,1011.0,402.0
161,827.0,405.0
161,915.0,302.0
161,840.0,293.0
161,913.0,187.0
161,905.0,825.0
161,917.0,448.0
161,991.0,282.0
162,948.0,766.0
162,958.0,663.0
162,893.0,655.0
162,810.0,513.0
162,876.0,491.0
162,957.0,499.0
162,1018.0,486.0
162,1010.0,402.0
162,828.0,406.0
162,916.0,303.0
162,840.0,293.0
162,913.0,187.0
162,905.0,824.0
162,918.0,449.0
162,991.0,283.0
163,949.0,768.0
163,958.0,661.0
163,894.0,655.0
163,809.0,511.0
163,875.0,490.0
163,957.0,498.0
163,1017.0,486.0
163,1009.0,399.0
163,826.0,404.0
163,915.0,300.0
163,839.0,291.0
163,913.0,186.0
163,905.0,825.0
163,917.0,447.0
163,990.0,282.0
164,950.0,768.0
164,958.0,661.0
164,893.0,654.0
164,809.0,510.0
164,875.0,489.0
164,957.0,498.0
164,1019.0,489.0
164,1009.0,400.0
164,826.0,403.0
164,915.0,301.0
164,839.0,290.0
164,913.0,186.0
164,905.0,824.0
164,917.0,447.0
164,990.0,281.0
165,949.0,768.0
165,958.0,661.0
165,893.0,655.0
165,810.0,510.0
165,876.0,490.0
165,956.0,497.0
165,1019.0,489.0
165,1009.0,399.0
165,825.0,403.0
165,915.0,301.0
165,839.0,290.0
165,913.0,186.0
165,905.0,824.0
165,916.0,446.0
165,990.0,281.0
166,949.0,770.0
166,958.0,658.0
166,892.0,654.0
166,809.0,507.0
166,876.0,487.0
166,956.0,496.0
166,1019.0,493.0
166,1008.0,399.0
166,822.0,400.0
166,915.0,299.0
166,839.0,289.0
166,914.0,185.0
166,905.0,824.0
166,916.0,445.0
166,991.0,281.0
167,950.0,773.0
167,959.0,655.0
167,892.0,654.0
167,810.0,505.0
167,875.0,487.0
167,956.0,495.0
167,1019.0,493.0
167,1007.0,396.0
167,823.0,401.0
167,915.0,298.0
167,839.0,287.0
167,914.0,184.0
167,906.0,825.0
167,916.0,444.0
167,990.0,279.0
168,950.0,773.0
168,959.0,655.0
168,892.0,653.0
168,810.0,505.0
168,875.0,487.0
168,956.0,495.0
168,1018.0,493.0
168,1007.0,396.0
168,822.0,401.0
168,915.0,298.0
168,838.0,287.0
168,914.0,184.0
168,906.0,825.0
168,916.0,444.0
168,991.0,280.0
169,950.0,775.0
169,958.0,654.0
169,892.0,653.0
169,809.0,503.0
169,875.0,486.0
169,956.0,494.0
169,1018.0,493.0
169,1006.0,395.0
169,822.0,401.0
169,914.0,298.0
169,838.0,287.0
169,913.0,183.0
169,906.0,826.0
169,916.0,443.0
169,991.0,280.0
170,951.0,779.0
170,958.0,651.0
170,892.0,653.0
170,809.0,499.0
170,875.0,486.0
170,956.0,492.0
170,1017.0,494.0
170,1005.0,395.0
170,821.0,400.0
170,914.0,297.0
170,838.0,286.0
170,913.0,182.0
170,906.0,826.0
170,915.0,442.0
170,991.0,280.0
171,950.0,779.0
171,958.0,651.0
171,892.0,653.0
171,809.0,499.0
171,874.0,485.0
171,956.0,493.0
171,1017.0,495.0
171,1005.0,395.0
171,822.0,401.0
171,914.0,297.0
171,838.0,285.0
171,913.0,181.0
171,906.0,826.0
171,915.0,442.0
171,991.0,279.0
172,950.0,779.0
172,958.0,651.0
172,893.0,653.0
172,809.0,499.0
172,875.0,485.0
172,956.0,493.0
172,1018.0,495.0
172,1005.0,395.0
172,821.0,401.0
172,915.0,297.0
172,839.0,285.0
172,913.0,181.0
172,905.0,826.0
172,916.0,443.0
172,991.0,280.0
173,950.0,784.0
173,957.0,648.0
173,892.0,653.0
173,809.0,496.0
173,875.0,485.0
173,956.0,493.0
173,1017.0,496.0
173,1004.0,394.0
173,820.0,401.0
173,915.0,297.0
173,839.0,285.0
173,913.0,182.0
173,906.0,827.0
173,915.0,442.0
173,991.0,280.0
174,950.0,789.0
174,957.0,647.0
174,892.0,652.0
174,809.0,492.0
174,875.0,485.0
174,956.0,492.0
174,1017.0,497.0
174,1003.0,394.0
174,818.0,400.0
174,914.0,297.0
174,839.0,285.0
174,914.0,182.0
174,906.0,828.0
174,915.0,443.0
174,991.0,279.0
175,950.0,792.0
175,956.0,646.0
175,893.0,653.0
175,809.0,490.0
175,875.0,486.0
175,956.0,492.0
175,1018.0,499.0
175,1003.0,394.0
175,818.0,400.0
175,914.0,296.0
175,839.0,285.0
175,914.0,183.0
175,906.0,829.0
175,915.0,443.0
175,991.0,279.0
176,950.0,791.0
176,956.0,646.0
176,893.0,653.0
176,809.0,491.0
176,875.0,486.0
176,957.0,493.0
176,1018.0,499.0
176,1003.0,394.0
176,818.0,400.0
176,914.0,297.0
176,838.0,285.0
176,914.0,182.0
176,907.0,829.0
176,916.0,444.0
176,991.0,279.0
177,949.0,792.0
177,956.0,646.0
177,893.0,653.0
177,809.0,490.0
177,875.0,486.0
177,957.0,493.0
177,1018.0,499.0
177,1003.0,394.0
177,817.0,400.0
177,915.0,297.0
177,839.0,285.0
177,914.0,182.0
177,907.0,829.0
177,915.0,442.0
177,991.0,279.0
178,949.0,795.0
178,955.0,645.0
178,893.0,654.0
178,808.0,489.0
178,875.0,486.0
178,957.0,493.0
178,1018.0,500.0
178,1002.0,393.0
178,818.0,401.0
178,914.0,297.0
178,839.0,286.0
178,914.0,182.0
178,907.0,829.0
178,915.0,443.0
178,991.0,280.0
179,949.0,795.0
179,955.0,646.0
179,892.0,653.0
179,808.0,489.0
179,875.0,486.0
179,957.0,493.0
179,1017.0,500.0
179,1002.0,394.0
179,818.0,401.0
179,915.0,297.0
179,839.0,286.0
179,914.0,182.0
179,906.0,829.0
179,915.0,443.0
179,991.0,280.0
180,948.0,799.0
180,953.0,644.0
180,892.0,653.0
180,810.0,486.0
180,875.0,487.0
180,957.0,493.0
180,1017.0,501.0
180,1002.0,394.0
180,818.0,402.0
180,917.0,300.0
180,839.0,286.0
180,914.0,182.0
180,907.0,830.0
180,915.0,444.0
180,991.0,281.0
181,948.0,799.0
181,954.0,644.0
181,892.0,653.0
181,810.0,486.0
181,876.0,487.0
181,957.0,493.0
181,1017.0,501.0
181,1002.0,395.0
181,817.0,402.0
181,916.0,299.0
181,839.0,287.0
181,915.0,184.0
181,906.0,829.0
181,915.0,444.0
181,991.0,281.0
182,949.0,805.0
182,954.0,645.0
182,893.0,654.0
182,811.0,483.0
182,877.0,490.0
182,957.0,494.0
182,1017.0,502.0
182,1002.0,395.0
182,816.0,402.0
182,916.0,301.0
182,840.0,288.0
182,916.0,185.0
182,906.0,829.0
182,915.0,445.0
182,992.0,283.0
183,949.0,805.0
183,954.0,645.0
183,893.0,654.0
183,811.0,484.0
183,876.0,489.0
183,957.0,494.0
183,1017.0,502.0
183,1002.0,395.0
183,817.0,403.0
183,916.0,300.0
183,840.0,288.0
183,916.0,186.0
183,907.0,829.0
183,915.0,445.0
183,992.0,283.0
184,949.0,811.0
184,952.0,642.0
184,893.0,656.0
184,811.0,483.0
184,877.0,490.0
184,957.0,495.0
184,1017.0,502.0
184,1001.0,395.0
184,815.0,403.0
184,916.0,303.0
184,840.0,289.0
184,916.0,187.0
184,907.0,829.0
184,915.0,447.0
184,991.0,285.0
185,948.0,814.0
185,951.0,643.0
185,894.0,658.0
185,811.0,481.0
185,876.0,492.0
185,957.0,496.0
185,1016.0,503.0
185,1001.0,396.0
185,815.0,403.0
185,916.0,303.0
185,841.0,290.0
185,917.0,188.0
185,907.0,828.0
185,915.0,448.0
185,992.0,287.0
186,947.0,816.0
186,950.0,643.0
186,894.0,659.0
186,812.0,480.0
186,877.0,492.0
186,957.0,498.0
186,1016.0,503.0
186,1001.0,397.0
186,816.0,405.0
186,916.0,304.0
186,841.0,291.0
186,917.0,189.0
186,906.0,826.0
186,916.0,450.0
186,993.0,289.0
187,947.0,816.0
187,949.0,642.0
187,893.0,658.0
187,812.0,481.0
187,877.0,493.0
187,956.0,497.0
187,1016.0,503.0
187,1001.0,397.0
187,816.0,405.0
187,917.0,304.0
187,841.0,290.0
187,917.0,190.0
187,907.0,827.0
187,916.0,450.0
187,993.0,289.0
188,947.0,818.0
188,949.0,643.0
188,894.0,660.0
188,812.0,480.0
188,878.0,494.0
188,957.0,497.0
188,1016.0,504.0
188,1001.0,398.0
188,816.0,406.0
188,917.0,306.0
188,841.0,292.0
188,917.0,190.0
188,906.0,825.0
188,916.0,451.0
188,993.0,289.0
189,947.0,818.0
189,950.0,644.0
189,893.0,660.0
189,812.0,479.0
189,877.0,494.0
189,957.0,498.0
189,1016.0,504.0
189,1001.0,398.0
189,816.0,406.0
189,917.0,305.0
189,841.0,292.0
189,918.0,191.0
189,906.0,824.0
189,916.0,451.0
189,993.0,289.0
190,946.0,822.0
190,950.0,645.0
190,893.0,660.0
190,813.0,479.0
190,878.0,496.0
190,958.0,499.0
190,1017.0,506.0
190,1001.0,399.0
190,817.0,407.0
190,917.0,306.0
190,841.0,293.0
190,919.0,194.0
190,905.0,820.0
190,916.0,453.0
190,993.0,291.0
191,946.0,822.0
191,949.0,645.0
191,892.0,661.0
191,813.0,478.0
191,878.0,496.0
191,958.0,499.0
191,1016.0,505.0
191,1000.0,399.0
191,816.0,407.0
191,919.0,309.0
191,842.0,293.0
191,919.0,192.0
191,906.0,822.0
191,916.0,453.0
191,993.0,291.0
192,946.0,822.0
192,949.0,645.0
192,892.0,661.0
192,813.0,478.0
192,878.0,496.0
192,958.0,499.0
192,1016.0,505.0
192,1000.0,399.0
192,816.0,408.0
192,919.0,309.0
192,842.0,293.0
192,918.0,192.0
192,905.0,822.0
192,916.0,453.0
192,993.0,291.0
193,945.0,826.0
193,947.0,647.0
193,891.0,665.0
193,814.0,479.0
193,879.0,502.0
193,958.0,503.0
193,1017.0,508.0
193,1000.0,403.0
193,817.0,410.0
193,919.0,313.0
193,843.0,297.0
193,919.0,196.0
193,905.0,813.0
193,917.0,458.0
193,994.0,295.0
194,945.0,827.0
194,947.0,648.0
194,891.0,665.0
194,815.0,479.0
194,879.0,501.0
194,958.0,502.0
194,1017.0,508.0
194,1000.0,402.0
194,817.0,410.0
194,920.0,313.0
194,843.0,297.0
194,920.0,196.0
194,905.0,813.0
194,917.0,458.0
194,994.0,295.0
195,945.0,827.0
195,947.0,648.0
195,892.0,665.0
195,814.0,477.0
195,879.0,501.0
195,958.0,502.0
195,1017.0,508.0
195,1000.0,402.0
195,817.0,410.0
195,920.0,312.0
195,843.0,297.0
195,920.0,196.0
195,905.0,813.0
195,917.0,457.0
195,994.0,295.0
196,945.0,827.0
196,947.0,648.0
196,891.0,666.0
196,814.0,478.0
196,879.0,501.0
196,959.0,503.0
196,1016.0,507.0
196,1000.0,402.0
196,818.0,412.0
196,920.0,313.0
196,844.0,297.0
196,920.0,196.0
196,905.0,812.0
196,917.0,457.0
196,995.0,296.0
197,944.0,828.0
197,947.0,649.0
197,891.0,668.0
197,816.0,479.0
197,879.0,502.0
197,960.0,504.0
197,1015.0,508.0
197,1001.0,403.0
197,818.0,412.0
197,920.0,313.0
197,845.0,299.0
197,920.0,197.0
197,904.0,806.0
197,917.0,458.0
197,995.0,297.0
198,944.0,829.0
198,947.0,650.0
198,891.0,668.0
198,816.0,479.0
198,880.0,503.0
198,960.0,504.0
198,1016.0,509.0
198,1001.0,404.0
198,818.0,412.0
198,920.0,313.0
198,844.0,299.0
198,921.0,197.0
198,904.0,806.0
198,917.0,458.0
198,996.0,298.0
199,943.0,828.0
199,946.0,651.0
199,891.0,669.0
199,815.0,479.0
199,882.0,504.0
199,960.0,504.0
199,1017.0,510.0
199,1001.0,403.0
199,819.0,413.0
199,920.0,314.0
199,844.0,299.0
199,922.0,198.0
199,904.0,802.0
199,918.0,459.0
199,996.0,299.0
200,943.0,829.0
200,946.0,650.0
200,891.0,669.0
200,816.0,479.0
200,881.0,504.0
200,960.0,504.0
200,1017.0,511.0
200,1001.0,404.0
200,819.0,412.0
200,920.0,314.0
200,844.0,299.0
200,922.0,198.0
200,903.0,802.0
200,918.0,459.0
200,997.0,298.0
201,943.0,828.0
201,946.0,651.0
201,891.0,669.0
201,816.0,479.0
201,881.0,504.0
201,960.0,505.0
201,1018.0,510.0
201,1001.0,403.0
201,819.0,412.0
201,920.0,314.0
201,844.0,299.0
201,922.0,199.0
201,903.0,803.0
201,917.0,459.0
201,997.0,298.0
202,942.0,828.0
202,947.0,652.0
202,890.0,670.0
202,816.0,480.0
202,881.0,505.0
202,960.0,505.0
202,1018.0,511.0
202,1001.0,404.0
202,820.0,413.0
202,922.0,315.0
202,845.0,300.0
202,922.0,198.0
202,903.0,797.0
202,919.0,460.0
202,996.0,298.0
203,942.0,828.0
203,947.0,655.0
203,889.0,672.0
203,817.0,483.0
203,882.0,505.0
203,961.0,504.0
203,1019.0,512.0
203,1000.0,402.0
203,823.0,413.0
203,923.0,315.0
203,847.0,300.0
203,924.0,198.0
203,901.0,788.0
203,919.0,460.0
203,996.0,297.0
204,941.0,828.0
204,946.0,655.0
204,887.0,671.0
204,818.0,484.0
204,883.0,505.0
204,962.0,504.0
204,1019.0,513.0
204,1003.0,405.0
204,822.0,412.0
204,923.0,314.0
204,847.0,299.0
204,924.0,198.0
204,899.0,783.0
204,919.0,460.0
204,999.0,298.0
205,941.0,828.0
205,946.0,655.0
205,887.0,671.0
205,818.0,484.0
205,883.0,505.0
205,962.0,504.0
205,1019.0,513.0
205,1003.0,405.0
205,822.0,413.0
205,922.0,314.0
205,847.0,299.0
205,924.0,198.0
205,900.0,786.0
205,918.0,459.0
205,997.0,297.0
206,941.0,828.0
206,946.0,654.0
206,888.0,672.0
206,818.0,484.0
206,883.0,505.0
206,962.0,504.0
206,1019.0,512.0
206,1001.0,403.0
206,823.0,413.0
206,922.0,314.0
206,847.0,299.0
206,925.0,199.0
206,900.0,786.0
206,918.0,459.0
206,997.0,298.0
207,940.0,827.0
207,946.0,655.0
207,887.0,672.0
207,818.0,486.0
207,883.0,505.0
207,963.0,503.0
207,1020.0,512.0
207,1003.0,404.0
207,824.0,413.0
207,922.0,313.0
207,847.0,298.0
207,925.0,199.0
207,899.0,781.0
207,919.0,459.0
207,999.0,298.0
208,939.0,825.0
208,946.0,655.0
208,886.0,672.0
208,818.0,488.0
208,883.0,504.0
208,963.0,503.0
208,1021.0,513.0
208,1005.0,406.0
208,825.0,413.0
208,923.0,312.0
208,848.0,298.0
208,925.0,197.0
208,899.0,777.0
208,920.0,458.0
208,999.0,297.0
209,939.0,825.0
209,946.0,656.0
209,885.0,671.0
209,818.0,488.0
209,883.0,504.0
209,963.0,503.0
209,1021.0,513.0
209,1005.0,405.0
209,825.0,412.0
209,923.0,311.0
209,848.0,297.0
209,926.0,197.0
209,898.0,776.0
209,920.0,457.0
209,999.0,297.0
210,940.0,826.0
210,946.0,656.0
210,886.0,672.0
210,818.0,488.0
210,883.0,504.0
210,963.0,502.0
210,1021.0,513.0
210,1005.0,405.0
210,825.0,412.0
210,923.0,311.0
210,848.0,297.0
210,926.0,196.0
210,899.0,777.0
210,920.0,457.0
210,998.0,295.0
211,940.0,826.0
211,946.0,655.0
211,886.0,672.0
211,818.0,488.0
211,883.0,504.0
211,963.0,502.0
211,1021.0,513.0
211,1006.0,405.0
211,825.0,411.0
211,924.0,312.0
211,848.0,297.0
211,926.0,197.0
211,898.0,776.0
211,920.0,457.0
211,999.0,296.0
212,940.0,825.0
212,946.0,656.0
212,885.0,670.0
212,818.0,488.0
212,883.0,503.0
212,963.0,502.0
212,1021.0,513.0
212,1005.0,405.0
212,825.0,411.0
212,923.0,311.0
212,848.0,297.0
212,926.0,196.0
212,898.0,777.0
212,920.0,457.0
212,999.0,296.0
213,939.0,824.0
213,947.0,656.0
213,885.0,671.0
213,817.0,488.0
213,884.0,504.0
213,964.0,501.0
213,1022.0,513.0
213,1006.0,405.0
213,825.0,411.0
213,923.0,311.0
213,848.0,296.0
213,926.0,196.0
213,897.0,775.0
213,920.0,456.0
213,999.0,295.0
214,939.0,824.0
214,947.0,656.0
214,885.0,669.0
214,817.0,491.0
214,884.0,502.0
214,964.0,500.0
214,1023.0,514.0
214,1008.0,404.0
214,826.0,410.0
214,925.0,310.0
214,849.0,293.0
214,926.0,193.0
214,896.0,771.0
214,921.0,454.0
214,1000.0,294.0
215,939.0,824.0
215,947.0,656.0
215,884.0,669.0
215,818.0,491.0
215,883.0,502.0
215,964.0,499.0
215,1023.0,513.0
215,1008.0,404.0
215,827.0,410.0
215,924.0,308.0
215,849.0,294.0
215,926.0,194.0
215,897.0,772.0
215,921.0,454.0
215,1001.0,294.0
216,938.0,823.0
216,947.0,656.0
216,883.0,668.0
216,818.0,494.0
216,884.0,499.0
216,964.0,497.0
216,1023.0,511.0
216,1006.0,402.0
216,829.0,408.0
216,924.0,307.0
216,849.0,293.0
216,927.0,191.0
216,896.0,768.0
216,923.0,453.0
216,1002.0,293.0
217,938.0,823.0
217,947.0,655.0
217,883.0,666.0
217,818.0,494.0
217,885.0,499.0
217,964.0,493.0
217,1025.0,510.0
217,1010.0,402.0
217,829.0,406.0
217,925.0,304.0
217,849.0,290.0
217,927.0,190.0
217,895.0,768.0
217,922.0,451.0
217,1002.0,290.0
218,938.0,823.0
218,947.0,655.0
218,883.0,666.0
218,818.0,494.0
218,885.0,498.0
218,966.0,496.0
218,1025.0,510.0
218,1011.0,402.0
218,829.0,406.0
218,926.0,305.0
218,849.0,290.0
218,927.0,190.0
218,895.0,769.0
218,922.0,451.0
218,1002.0,290.0
219,938.0,823.0
219,947.0,655.0
219,882.0,665.0
219,818.0,494.0
219,885.0,499.0
219,966.0,496.0
219,1025.0,510.0
219,1009.0,401.0
219,829.0,406.0
219,925.0,305.0
219,849.0,290.0
219,927.0,190.0
219,895.0,769.0
219,923.0,452.0
219,1002.0,290.0
220,938.0,823.0
220,947.0,654.0
220,882.0,665.0
220,818.0,495.0
220,885.0,498.0
220,966.0,494.0
220,1026.0,510.0
220,1012.0,402.0
220,830.0,405.0
220,925.0,304.0
220,849.0,289.0
220,926.0,188.0
220,895.0,769.0
220,922.0,449.0
220,1001.0,289.0
221,937.0,822.0
221,947.0,653.0
221,882.0,662.0
221,817.0,496.0
221,885.0,494.0
221,966.0,492.0
221,1026.0,506.0
221,1014.0,401.0
221,831.0,403.0
221,924.0,300.0
221,850.0,288.0
221,927.0,187.0
221,893.0,768.0
221,922.0,448.0
221,1004.0,288.0
222,937.0,822.0
222,948.0,653.0
222,882.0,660.0
222,817.0,497.0
222,885.0,494.0
222,965.0,491.0
222,1027.0,506.0
222,1015.0,401.0
222,832.0,403.0
222,926.0,301.0
222,852.0,289.0
222,927.0,185.0
222,893.0,768.0
222,923.0,447.0
222,1004.0,289.0
223,937.0,823.0
223,948.0,653.0
223,881.0,655.0
223,818.0,498.0
223,885.0,493.0
223,966.0,490.0
223,1027.0,502.0
223,1016.0,400.0
223,833.0,401.0
223,927.0,301.0
223,852.0,286.0
223,928.0,185.0
223,893.0,770.0
223,923.0,444.0
223,1003.0,285.0
224,938.0,823.0
224,948.0,652.0
224,881.0,657.0
224,818.0,498.0
224,885.0,493.0
224,966.0,490.0
224,1028.0,503.0
224,1016.0,400.0
224,833.0,401.0
224,927.0,299.0
224,851.0,286.0
224,928.0,185.0
224,892.0,770.0
224,923.0,445.0
224,1003.0,285.0
225,937.0,823.0
225,948.0,653.0
225,881.0,656.0
225,818.0,499.0
225,885.0,493.0
225,966.0,490.0
225,1028.0,502.0
225,1016.0,400.0
225,833.0,401.0
225,926.0,299.0
225,851.0,285.0
225,928.0,185.0
225,892.0,771.0
225,923.0,445.0
225,1003.0,285.0
226,937.0,823.0
226,948.0,653.0
226,882.0,657.0
226,818.0,500.0
226,885.0,492.0
226,965.0,488.0
226,1029.0,503.0
226,1017.0,399.0
226,834.0,400.0
226,926.0,298.0
226,851.0,285.0
226,928.0,184.0
226,892.0,772.0
226,924.0,445.0
226,1002.0,284.0
227,937.0,823.0
227,948.0,652.0
227,882.0,654.0
227,817.0,499.0
227,886.0,492.0
227,966.0,489.0
227,1029.0,499.0
227,1016.0,398.0
227,834.0,399.0
227,926.0,298.0
227,850.0,284.0
227,928.0,183.0
227,892.0,774.0
227,924.0,444.0
227,1002.0,283.0
228,936.0,824.0
228,948.0,652.0
228,882.0,653.0
228,817.0,500.0
228,886.0,491.0
228,966.0,488.0
228,1028.0,498.0
228,1018.0,398.0
228,834.0,398.0
228,926.0,297.0
228,851.0,284.0
228,927.0,183.0
228,892.0,777.0
228,923.0,443.0
228,1002.0,282.0
229,936.0,825.0
229,948.0,651.0
229,883.0,652.0
229,817.0,501.0
229,886.0,491.0
229,966.0,488.0
229,1029.0,494.0
229,1018.0,397.0
229,835.0,398.0
229,926.0,297.0
229,851.0,284.0
229,927.0,182.0
229,892.0,780.0
229,924.0,442.0
229,1002.0,281.0
230,936.0,826.0
230,948.0,651.0
230,883.0,652.0
230,818.0,502.0
230,886.0,491.0
230,966.0,487.0
230,1029.0,494.0
230,1019.0,398.0
230,835.0,398.0
230,926.0,297.0
230,851.0,284.0
230,927.0,182.0
230,892.0,780.0
230,924.0,442.0
230,1002.0,281.0
231,936.0,825.0
231,948.0,651.0
231,882.0,650.0
231,818.0,502.0
231,886.0,491.0
231,966.0,487.0
231,1029.0,493.0
231,1020.0,398.0
231,835.0,398.0
231,927.0,297.0
231,850.0,283.0
231,927.0,182.0
231,893.0,781.0
231,924.0,442.0
231,1002.0,281.0
232,936.0,826.0
232,948.0,651.0
232,883.0,649.0
232,818.0,502.0
232,886.0,490.0
232,966.0,487.0
232,1030.0,490.0
232,1019.0,397.0
232,836.0,396.0
232,926.0,297.0
232,850.0,283.0
232,927.0,182.0
232,892.0,786.0
232,924.0,442.0
232,1001.0,279.0
233,936.0,826.0
233,948.0,651.0
233,883.0,649.0
233,818.0,503.0
233,886.0,490.0
233,966.0,487.0
233,1029.0,489.0
233,1021.0,397.0
233,836.0,397.0
233,927.0,297.0
233,850.0,284.0
233,927.0,182.0
233,892.0,786.0
233,925.0,442.0
233,1002.0,280.0
234,936.0,826.0
234,948.0,651.0
234,884.0,648.0
234,818.0,504.0
234,885.0,490.0
234,966.0,487.0
234,1030.0,488.0
234,1022.0,398.0
234,836.0,396.0
234,926.0,297.0
234,851.0,284.0
234,927.0,183.0
234,893.0,789.0
234,925.0,442.0
234,1003.0,281.0
235,934.0,825.0
235,948.0,651.0
235,886.0,649.0
235,818.0,504.0
235,886.0,491.0
235,966.0,488.0
235,1030.0,484.0
235,1021.0,397.0
235,836.0,396.0
235,926.0,297.0
235,851.0,284.0
235,927.0,183.0
235,892.0,794.0
235,925.0,443.0
235,1002.0,281.0
236,935.0,827.0
236,948.0,651.0
236,887.0,649.0
236,818.0,505.0
236,886.0,490.0
236,966.0,488.0
236,1030.0,484.0
236,1023.0,398.0
236,837.0,397.0
236,926.0,297.0
236,850.0,284.0
236,926.0,183.0
236,893.0,795.0
236,925.0,443.0
236,1002.0,281.0
237,936.0,828.0
237,948.0,651.0
237,885.0,647.0
237,818.0,504.0
237,886.0,491.0
237,967.0,488.0
237,1029.0,483.0
237,1023.0,398.0
237,837.0,397.0
237,926.0,297.0
237,851.0,285.0
237,927.0,183.0
237,892.0,795.0
237,925.0,444.0
237,1002.0,281.0
238,936.0,828.0
238,948.0,652.0
238,886.0,647.0
238,818.0,505.0
238,886.0,491.0
238,967.0,489.0
238,1028.0,478.0
238,1024.0,399.0
238,838.0,397.0
238,926.0,298.0
238,851.0,285.0
238,927.0,184.0
238,893.0,801.0
238,925.0,445.0
238,1002.0,281.0
239,936.0,828.0
239,947.0,652.0
239,886.0,647.0
239,817.0,505.0
239,885.0,491.0
239,967.0,490.0
239,1029.0,479.0
239,1022.0,398.0
239,838.0,397.0
239,925.0,298.0
239,850.0,286.0
239,927.0,185.0
239,894.0,804.0
239,926.0,445.0
239,1002.0,281.0
240,936.0,828.0
240,947.0,652.0
240,888.0,647.0
240,816.0,505.0
240,885.0,492.0
240,966.0,490.0
240,1029.0,477.0
240,1025.0,400.0
240,838.0,398.0
240,925.0,300.0
240,850.0,287.0
240,929.0,188.0
240,893.0,807.0
240,925.0,444.0
240,1003.0,283.0
241,935.0,828.0
241,947.0,655.0
241,890.0,647.0
241,817.0,507.0
241,885.0,493.0
241,966.0,492.0
241,1028.0,473.0
241,1026.0,401.0
241,838.0,398.0
241,925.0,302.0
241,850.0,289.0
241,926.0,189.0
241,894.0,812.0
241,925.0,448.0
241,1002.0,285.0
242,935.0,827.0
242,947.0,655.0
242,890.0,647.0
242,818.0,508.0
242,885.0,493.0
242,966.0,492.0
242,1028.0,473.0
242,1025.0,401.0
242,838.0,398.0
242,925.0,301.0
242,850.0,289.0
242,925.0,188.0
242,894.0,812.0
242,925.0,448.0
242,1002.0,285.0
243,935.0,827.0
243,947.0,655.0
243,889.0,646.0
243,818.0,508.0
243,885.0,493.0
243,965.0,492.0
243,1029.0,473.0
243,1025.0,401.0
243,838.0,398.0
243,926.0,303.0
243,850.0,290.0
243,925.0,188.0
243,895.0,812.0
243,925.0,448.0
243,1001.0,284.0
244,935.0,827.0
244,947.0,655.0
244,889.0,645.0
244,817.0,507.0
244,883.0,492.0
244,965.0,493.0
244,1029.0,473.0
244,1026.0,402.0
244,839.0,399.0
244,926.0,304.0
244,850.0,290.0
244,925.0,188.0
244,895.0,814.0
244,924.0,448.0
244,1001.0,284.0
245,935.0,827.0
245,947.0,655.0
245,888.0,645.0
245,817.0,508.0
245,884.0,494.0
245,965.0,493.0
245,1029.0,473.0
245,1025.0,402.0
245,839.0,399.0
245,926.0,303.0
245,850.0,290.0
245,924.0,189.0
245,895.0,814.0
245,925.0,449.0
245,1001.0,284.0
246,935.0,823.0
246,947.0,659.0
246,890.0,646.0
246,817.0,510.0
246,884.0,496.0
246,965.0,497.0
246,1028.0,469.0
246,1025.0,403.0
246,839.0,402.0
246,924.0,306.0
246,849.0,294.0
246,923.0,192.0
246,895.0,820.0
246,923.0,449.0
246,1000.0,287.0
247,936.0,822.0
247,947.0,659.0
247,891.0,646.0
247,817.0,510.0
247,884.0,497.0
247,965.0,498.0
247,1027.0,468.0
247,1025.0,404.0
247,840.0,403.0
247,924.0,306.0
247,849.0,295.0
247,923.0,192.0
247,897.0,823.0
247,924.0,452.0
247,1000.0,288.0
248,936.0,822.0
248,947.0,659.0
248,892.0,647.0
248,817.0,511.0
248,884.0,497.0
248,965.0,498.0
248,1028.0,469.0
248,1025.0,404.0
248,840.0,403.0
248,925.0,308.0
248,848.0,295.0
248,923.0,192.0
248,896.0,823.0
248,924.0,453.0
248,1000.0,288.0
249,936.0,822.0
249,948.0,659.0
249,891.0,647.0
249,817.0,511.0
249,884.0,498.0
249,966.0,499.0
249,1027.0,468.0
249,1025.0,404.0
249,839.0,403.0
249,924.0,308.0
249,847.0,294.0
249,923.0,192.0
249,897.0,823.0
249,925.0,453.0
249,999.0,288.0
250,936.0,820.0
250,948.0,660.0
250,892.0,647.0
250,817.0,511.0
250,884.0,498.0
250,966.0,501.0
250,1027.0,468.0
250,1026.0,405.0
250,839.0,403.0
250,924.0,308.0
250,848.0,295.0
250,923.0,192.0
250,897.0,824.0
250,925.0,454.0
250,999.0,288.0
251,935.0,816.0
251,947.0,661.0
251,893.0,648.0
251,817.0,512.0
251,884.0,499.0
251,965.0,501.0
251,1027.0,468.0
251,1025.0,407.0
251,839.0,403.0
251,923.0,308.0
251,848.0,297.0
251,922.0,194.0
251,898.0,826.0
251,924.0,454.0
251,998.0,289.0
252,936.0,817.0
252,948.0,662.0
252,892.0,648.0
252,817.0,513.0
252,884.0,500.0
252,965.0,501.0
252,1027.0,467.0
252,1025.0,407.0
252,839.0,405.0
252,923.0,309.0
252,848.0,298.0
252,922.0,195.0
252,899.0,829.0
252,923.0,454.0
252,999.0,291.0
253,937.0,816.0
253,948.0,663.0
253,892.0,648.0
253,816.0,512.0
253,883.0,500.0
253,963.0,501.0
253,1027.0,467.0
253,1024.0,406.0
253,839.0,405.0
253,923.0,310.0
253,847.0,298.0
253,922.0,195.0
253,900.0,830.0
253,923.0,455.0
253,999.0,291.0
254,937.0,816.0
254,948.0,663.0
254,892.0,648.0
254,816.0,513.0
254,883.0,500.0
254,963.0,501.0
254,1027.0,466.0
254,1024.0,406.0
254,838.0,405.0
254,924.0,311.0
254,847.0,298.0
254,922.0,196.0
254,900.0,830.0
254,923.0,455.0
254,999.0,291.0
255,938.0,812.0
255,949.0,665.0
255,893.0,650.0
255,816.0,513.0
255,882.0,501.0
255,963.0,503.0
255,1026.0,466.0
255,1024.0,407.0
255,839.0,406.0
255,924.0,313.0
255,846.0,301.0
255,920.0,195.0
255,900.0,831.0
255,924.0,457.0
255,998.0,293.0
256,938.0,811.0
256,948.0,665.0
256,894.0,650.0
256,816.0,513.0
256,883.0,501.0
256,963.0,503.0
256,1026.0,466.0
256,1024.0,407.0
256,838.0,406.0
256,923.0,312.0
256,846.0,301.0
256,920.0,195.0
256,900.0,831.0
256,924.0,457.0
256,997.0,292.0
257,938.0,807.0
257,948.0,665.0
257,893.0,651.0
257,815.0,515.0
257,882.0,502.0
257,963.0,505.0
257,1025.0,466.0
257,1024.0,409.0
257,838.0,407.0
257,922.0,312.0
257,846.0,301.0
257,918.0,197.0
257,900.0,832.0
257,922.0,456.0
257,996.0,292.0
258,939.0,801.0
258,948.0,667.0
258,894.0,653.0
258,815.0,516.0
258,882.0,502.0
258,963.0,507.0
258,1023.0,466.0
258,1023.0,410.0
258,838.0,408.0
258,920.0,313.0
258,846.0,303.0
258,919.0,198.0
258,901.0,832.0
258,922.0,458.0
258,997.0,294.0
259,939.0,801.0
259,949.0,668.0
259,895.0,653.0
259,815.0,516.0
259,881.0,502.0
259,962.0,507.0
259,1022.0,465.0
259,1022.0,409.0
259,838.0,408.0
259,919.0,312.0
259,846.0,304.0
259,918.0,198.0
259,902.0,832.0
259,922.0,459.0
259,997.0,294.0
260,939.0,801.0
260,948.0,667.0
260,895.0,653.0
260,815.0,516.0
260,881.0,503.0
260,962.0,507.0
260,1024.0,466.0
260,1022.0,409.0
260,838.0,409.0
260,921.0,314.0
260,846.0,304.0
260,919.0,199.0
260,902.0,832.0
260,923.0,460.0
260,997.0,294.0
261,939.0,798.0
261,950.0,669.0
261,895.0,653.0
261,815.0,517.0
261,882.0,503.0
261,961.0,506.0
261,1023.0,467.0
261,1022.0,410.0
261,838.0,410.0
261,920.0,313.0
261,845.0,303.0
261,919.0,199.0
261,902.0,832.0
261,923.0,460.0
261,997.0,294.0
262,941.0,793.0
262,951.0,670.0
262,894.0,654.0
262,814.0,517.0
262,881.0,503.0
262,960.0,507.0
262,1023.0,469.0
262,1021.0,410.0
262,837.0,410.0
262,920.0,313.0
262,845.0,304.0
262,917.0,198.0
262,902.0,832.0
262,922.0,459.0
262,996.0,294.0
263,941.0,793.0
263,951.0,671.0
263,894.0,654.0
263,814.0,518.0
263,881.0,503.0
263,960.0,507.0
263,1023.0,468.0
263,1021.0,410.0
263,836.0,410.0
263,920.0,314.0
263,845.0,304.0
263,917.0,199.0
263,902.0,832.0
263,921.0,459.0
263,996.0,295.0
264,941.0,793.0
264,951.0,670.0
264,894.0,654.0
264,815.0,519.0
264,880.0,501.0
264,961.0,507.0
264,1023.0,469.0
264,1021.0,410.0
264,837.0,410.0
264,920.0,313.0
264,844.0,304.0
264,918.0,199.0
264,903.0,832.0
264,922.0,460.0
264,995.0,294.0
265,941.0,793.0
265,951.0,671.0
265,894.0,654.0
265,815.0,518.0
265,880.0,503.0
265,961.0,507.0
265,1023.0,469.0
265,1021.0,410.0
265,836.0,410.0
265,920.0,314.0
265,844.0,303.0
265,918.0,199.0
265,903.0,832.0
265,922.0,460.0
265,995.0,294.0
266,943.0,782.0
266,953.0,671.0
266,895.0,657.0
266,812.0,518.0
266,879.0,502.0
266,960.0,506.0
266,1022.0,473.0
266,1017.0,409.0
266,836.0,410.0
266,919.0,313.0
266,843.0,303.0
266,916.0,198.0
266,905.0,831.0
266,921.0,458.0
266,994.0,293.0
267,943.0,782.0
267,954.0,671.0
267,894.0,656.0
267,813.0,519.0
267,879.0,501.0
267,960.0,506.0
267,1022.0,473.0
267,1018.0,409.0
267,835.0,410.0
267,919.0,313.0
267,843.0,303.0
267,916.0,198.0
267,905.0,831.0
267,921.0,458.0
267,994.0,293.0
268,943.0,779.0
268,953.0,671.0
268,895.0,657.0
268,813.0,519.0
268,879.0,501.0
268,960.0,507.0
268,1022.0,474.0
268,1017.0,408.0
268,834.0,409.0
268,919.0,313.0
268,843.0,302.0
268,916.0,197.0
268,904.0,830.0
268,921.0,458.0
268,993.0,292.0
269,943.0,779.0
269,954.0,671.0
269,895.0,657.0
269,813.0,519.0
269,879.0,501.0
269,960.0,507.0
269,1022.0,474.0
269,1017.0,409.0
269,834.0,410.0
269,919.0,313.0
269,843.0,302.0
269,916.0,197.0
269,904.0,830.0
269,920.0,457.0
269,993.0,292.0
270,944.0,775.0
270,953.0,670.0
270,895.0,657.0
270,812.0,518.0
270,878.0,499.0
270,959.0,506.0
270,1021.0,477.0
270,1016.0,408.0
270,833.0,409.0
270,918.0,312.0
270,841.0,300.0
270,916.0,197.0
270,904.0,828.0
270,919.0,456.0
270,993.0,291.0
271,944.0,775.0
271,954.0,670.0
271,895.0,657.0
271,812.0,518.0
271,878.0,499.0
271,959.0,505.0
271,1020.0,475.0
271,1016.0,408.0
271,833.0,410.0
271,919.0,311.0
271,842.0,301.0
271,916.0,197.0
271,904.0,827.0
271,919.0,456.0
271,993.0,291.0
272,945.0,773.0
272,955.0,670.0
272,895.0,658.0
272,812.0,519.0
272,878.0,499.0
272,959.0,505.0
272,1020.0,477.0
272,1015.0,408.0
272,833.0,409.0
272,918.0,310.0
272,842.0,300.0
272,915.0,195.0
272,904.0,826.0
272,918.0,455.0
272,993.0,290.0
273,945.0,773.0
273,955.0,670.0
273,895.0,658.0
273,812.0,518.0
273,878.0,499.0
273,959.0,505.0
273,1020.0,477.0
273,1015.0,408.0
273,833.0,409.0
273,918.0,311.0
273,840.0,298.0
273,915.0,195.0
273,903.0,826.0
273,919.0,456.0
273,993.0,290.0
274,947.0,770.0
274,955.0,668.0
274,895.0,658.0
274,811.0,517.0
274,877.0,496.0
274,959.0,503.0
274,1020.0,480.0
274,1014.0,407.0
274,831.0,409.0
274,917.0,308.0
274,840.0,296.0
274,914.0,192.0
274,903.0,826.0
274,919.0,455.0
274,992.0,289.0
275,947.0,768.0
275,956.0,666.0
275,894.0,657.0
275,811.0,516.0
275,877.0,495.0
275,958.0,502.0
275,1020.0,484.0
275,1013.0,405.0
275,830.0,407.0
275,916.0,306.0
275,840.0,295.0
275,914.0,191.0
275,904.0,825.0
275,918.0,451.0
275,990.0,283.0
276,948.0,768.0
276,957.0,667.0
276,893.0,657.0
276,811.0,516.0
276,877.0,495.0
276,958.0,502.0
276,1020.0,484.0
276,1013.0,405.0
276,830.0,407.0
276,916.0,306.0
276,840.0,295.0
276,914.0,192.0
276,904.0,825.0
276,918.0,451.0
276,990.0,284.0
277,948.0,769.0
277,956.0,666.0
277,893.0,656.0
277,811.0,516.0
277,877.0,494.0
277,957.0,502.0
277,1021.0,484.0
277,1012.0,404.0
277,829.0,406.0
277,916.0,306.0
277,840.0,295.0
277,914.0,191.0
277,904.0,825.0
277,918.0,452.0
277,990.0,284.0
278,949.0,768.0
278,958.0,664.0
278,893.0,656.0
278,811.0,514.0
278,876.0,493.0
278,957.0,500.0
278,1020.0,486.0
278,1011.0,403.0
278,828.0,406.0
278,916.0,303.0
278,839.0,293.0
278,914.0,190.0
278,905.0,825.0
278,917.0,449.0
278,990.0,284.0
279,948.0,767.0
279,957.0,664.0
279,893.0,657.0
279,811.0,515.0
279,876.0,492.0
279,957.0,500.0
279,1020.0,486.0
279,1011.0,403.0
279,828.0,405.0
279,916.0,304.0
279,840.0,294.0
279,914.0,190.0
279,905.0,825.0
279,917.0,449.0
279,991.0,283.0
280,948.0,767.0
280,959.0,661.0
280,893.0,656.0
280,810.0,511.0
280,876.0,489.0
280,958.0,498.0
280,1020.0,490.0
280,1009.0,399.0
280,825.0,404.0
280,915.0,301.0
280,839.0,290.0
280,913.0,185.0
280,905.0,825.0
280,915.0,446.0
280,989.0,279.0
281,949.0,769.0
281,958.0,660.0
281,893.0,655.0
281,809.0,510.0
281,875.0,489.0
281,958.0,497.0
281,1019.0,490.0
281,1008.0,399.0
281,826.0,404.0
281,915.0,300.0
281,839.0,290.0
281,913.0,185.0
281,906.0,826.0
281,915.0,445.0
281,989.0,279.0
282,950.0,769.0
282,958.0,659.0
282,893.0,655.0
282,810.0,509.0
282,875.0,488.0
282,957.0,496.0
282,1019.0,490.0
282,1008.0,399.0
282,826.0,403.0
282,915.0,300.0
282,839.0,290.0
282,913.0,185.0
282,906.0,825.0
282,915.0,445.0
282,989.0,279.0
283,950.0,769.0
283,958.0,660.0
283,893.0,655.0
283,809.0,508.0
283,875.0,489.0
283,957.0,496.0
283,1019.0,489.0
283,1009.0,399.0
283,826.0,403.0
283,915.0,300.0
283,839.0,290.0
283,913.0,185.0
283,906.0,825.0
283,915.0,445.0
283,989.0,279.0
284,949.0,769.0
284,958.0,660.0
284,893.0,655.0
284,809.0,509.0
284,875.0,489.0
284,957.0,496.0
284,1019.0,490.0
284,1009.0,399.0
284,826.0,403.0
284,916.0,301.0
284,839.0,290.0
284,913.0,185.0
284,905.0,824.0
284,915.0,445.0
284,991.0,282.0
285,949.0,769.0
285,958.0,658.0
285,893.0,654.0
285,809.0,508.0
285,876.0,488.0
285,956.0,495.0
285,1019.0,490.0
285,1008.0,398.0
285,824.0,402.0
285,915.0,300.0
285,838.0,289.0
285,913.0,184.0
285,906.0,825.0
285,915.0,444.0
285,991.0,280.0
286,949.0,772.0
286,958.0,654.0
286,892.0,653.0
286,809.0,506.0
286,875.0,486.0
286,956.0,494.0
286,1019.0,493.0
286,1007.0,397.0
286,823.0,402.0
286,915.0,299.0
286,838.0,287.0
286,913.0,183.0
286,907.0,827.0
286,915.0,443.0
286,990.0,280.0
287,950.0,772.0
287,958.0,655.0
287,893.0,654.0
287,809.0,505.0
287,875.0,486.0
287,956.0,494.0
287,1019.0,493.0
287,1007.0,397.0
287,823.0,402.0
287,915.0,298.0
287,839.0,287.0
287,914.0,184.0
287,907.0,826.0
287,916.0,443.0
287,992.0,281.0
288,951.0,777.0
288,959.0,652.0
288,892.0,652.0
288,809.0,501.0
288,875.0,486.0
288,956.0,493.0
288,1018.0,495.0
288,1005.0,395.0
288,822.0,402.0
288,915.0,298.0
288,839.0,287.0
288,914.0,183.0
288,907.0,827.0
288,915.0,443.0
288,991.0,279.0
289,950.0,776.0
289,958.0,652.0
289,892.0,652.0
289,809.0,501.0
289,875.0,486.0
289,956.0,492.0
289,1018.0,494.0
289,1005.0,395.0
289,822.0,401.0
289,915.0,298.0
289,839.0,286.0
289,913.0,182.0
289,907.0,827.0
289,915.0,443.0
289,991.0,279.0
290,951.0,781.0
290,958.0,649.0
290,892.0,653.0
290,809.0,497.0
290,875.0,485.0
290,956.0,493.0
290,1018.0,496.0
290,1005.0,395.0
290,820.0,400.0
290,915.0,297.0
290,839.0,285.0
290,913.0,182.0
290,907.0,828.0
290,915.0,443.0
290,991.0,279.0
291,950.0,781.0
291,957.0,650.0
291,893.0,653.0
291,809.0,498.0
291,875.0,485.0
291,956.0,492.0
291,1019.0,497.0
291,1004.0,395.0
291,821.0,400.0
291,915.0,297.0
291,839.0,285.0
291,913.0,182.0
291,907.0,828.0
291,916.0,443.0
291,991.0,279.0
292,950.0,784.0
292,958.0,649.0
292,893.0,653.0
292,810.0,497.0
292,875.0,485.0
292,956.0,492.0
292,1019.0,497.0
292,1004.0,394.0
292,820.0,401.0
292,916.0,298.0
292,839.0,285.0
292,913.0,182.0
292,907.0,828.0
292,916.0,443.0
292,991.0,279.0
293,951.0,789.0
293,957.0,647.0
293,893.0,653.0
293,810.0,494.0
293,875.0,485.0
293,956.0,492.0
293,1018.0,498.0
293,1004.0,394.0
293,819.0,400.0
293,915.0,297.0
293,839.0,285.0
293,914.0,182.0
293,907.0,829.0
293,915.0,443.0
293,991.0,279.0
294,951.0,793.0
294,956.0,646.0
294,893.0,654.0
294,810.0,492.0
294,875.0,486.0
294,956.0,492.0
294,1018.0,499.0
294,1003.0,394.0
294,818.0,399.0
294,914.0,296.0
294,839.0,285.0
294,914.0,182.0
294,906.0,829.0
294,916.0,444.0
294,991.0,280.0
295,951.0,792.0
295,956.0,646.0
295,893.0,653.0
295,809.0,491.0
295,875.0,486.0
295,956.0,492.0
295,1018.0,499.0
295,1003.0,393.0
295,817.0,399.0
295,914.0,297.0
295,838.0,285.0
295,914.0,182.0
295,907.0,830.0
295,915.0,443.0
295,991.0,279.0
296,950.0,797.0
296,954.0,645.0
296,893.0,653.0
296,810.0,488.0
296,875.0,486.0
296,956.0,492.0
296,1018.0,500.0
296,1002.0,393.0
296,817.0,401.0
296,916.0,298.0
296,839.0,286.0
296,915.0,183.0
296,907.0,830.0
296,915.0,444.0
296,991.0,281.0
297,950.0,798.0
297,955.0,644.0
297,893.0,654.0
297,810.0,488.0
297,876.0,487.0
297,956.0,492.0
297,1018.0,501.0
297,1002.0,394.0
297,818.0,401.0
297,915.0,298.0
297,839.0,286.0
297,915.0,184.0
297,906.0,829.0
297,915.0,444.0
297,991.0,281.0
298,949.0,801.0
298,954.0,644.0
298,894.0,654.0
298,810.0,486.0
298,875.0,487.0
298,957.0,493.0
298,1019.0,501.0
298,1002.0,394.0
298,818.0,401.0
298,915.0,299.0
298,839.0,286.0
298,914.0,184.0
298,906.0,829.0
298,915.0,444.0
298,991.0,281.0
299,949.0,803.0
299,954.0,644.0
299,893.0,655.0
299,810.0,486.0
299,876.0,488.0
299,956.0,494.0
299,1018.0,502.0
299,1002.0,394.0
299,817.0,402.0
299,915.0,299.0
299,839.0,287.0
299,915.0,185.0
299,906.0,829.0
299,916.0,445.0
299,991.0,281.0
300,949.0,803.0
300,954.0,644.0
300,893.0,655.0
300,810.0,486.0
300,876.0,488.0
300,956.0,494.0
300,1017.0,501.0
300,1001.0,394.0
300,816.0,400.0
300,916.0,299.0
300,839.0,287.0
300,915.0,185.0
300,907.0,829.0
300,916.0,446.0
300,991.0,282.0
301,949.0,803.0
301,953.0,644.0
301,894.0,655.0
301,810.0,485.0
301,876.0,488.0
301,956.0,494.0
301,1017.0,501.0
301,1001.0,394.0
301,817.0,402.0
301,916.0,300.0
301,839.0,287.0
301,915.0,184.0
301,907.0,829.0
301,915.0,445.0
301,991.0,282.0
302,948.0,808.0
302,953.0,643.0
302,893.0,655.0
302,811.0,483.0
302,875.0,489.0
302,958.0,495.0
302,1017.0,503.0
302,1001.0,394.0
302,816.0,402.0
302,916.0,301.0
302,840.0,288.0
302,916.0,186.0
302,907.0,830.0
302,915.0,447.0
302,992.0,284.0
303,948.0,807.0
303,952.0,643.0
303,894.0,656.0
303,811.0,483.0
303,876.0,490.0
303,958.0,496.0
303,1017.0,502.0
303,1001.0,395.0
303,816.0,403.0
303,916.0,301.0
303,841.0,289.0
303,916.0,186.0
303,908.0,830.0
303,915.0,446.0
303,992.0,284.0
304,947.0,816.0
304,951.0,643.0
304,894.0,659.0
304,812.0,480.0
304,877.0,493.0
304,958.0,498.0
304,1016.0,503.0
304,1000.0,397.0
304,816.0,405.0
304,916.0,304.0
304,841.0,292.0
304,915.0,189.0
304,908.0,826.0
304,915.0,450.0
304,992.0,288.0
305,948.0,817.0
305,950.0,643.0
305,893.0,658.0
305,813.0,481.0
305,878.0,494.0
305,958.0,498.0
305,1016.0,503.0
305,1000.0,397.0
305,816.0,405.0
305,917.0,304.0
305,842.0,292.0
305,916.0,189.0
305,907.0,826.0
305,915.0,450.0
305,992.0,288.0
306,947.0,816.0
306,950.0,643.0
306,893.0,659.0
306,812.0,480.0
306,877.0,493.0
306,958.0,498.0
306,1016.0,504.0
306,1000.0,396.0
306,816.0,405.0
306,917.0,304.0
306,841.0,291.0
306,916.0,189.0
306,907.0,827.0
306,915.0,450.0
306,992.0,287.0
307,947.0,818.0
307,950.0,644.0
307,894.0,659.0
307,812.0,479.0
307,877.0,494.0
307,958.0,499.0
307,1016.0,503.0
307,1000.0,397.0
307,816.0,406.0
307,917.0,305.0
307,842.0,292.0
307,917.0,190.0
307,907.0,826.0
307,916.0,450.0
307,992.0,288.0
308,946.0,822.0
308,950.0,645.0
308,893.0,662.0
308,812.0,479.0
308,878.0,497.0
308,958.0,501.0
308,1017.0,506.0
308,1000.0,398.0
308,816.0,407.0
308,917.0,308.0
308,842.0,293.0
308,917.0,193.0
308,906.0,821.0
308,916.0,452.0
308,993.0,291.0
309,945.0,823.0
309,948.0,645.0
309,892.0,662.0
309,813.0,478.0
309,878.0,499.0
309,959.0,501.0
309,1017.0,507.0
309,1000.0,398.0
309,815.0,407.0
309,917.0,308.0
309,842.0,293.0
309,918.0,193.0
309,906.0,820.0
309,916.0,454.0
309,994.0,292.0
310,945.0,823.0
310,949.0,645.0
310,893.0,663.0
310,813.0,478.0
310,878.0,498.0
310,958.0,501.0
310,1016.0,506.0
310,1000.0,399.0
310,816.0,408.0
310,917.0,307.0
310,841.0,294.0
310,918.0,193.0
310,906.0,821.0
310,917.0,454.0
310,995.0,293.0
311,945.0,824.0
311,949.0,646.0
311,892.0,664.0
311,813.0,478.0
311,879.0,499.0
311,959.0,501.0
311,1018.0,507.0
311,999.0,399.0
311,817.0,409.0
311,918.0,309.0
311,842.0,294.0
311,919.0,194.0
311,907.0,820.0
311,916.0,454.0
311,994.0,294.0
312,945.0,825.0
312,949.0,646.0
312,893.0,663.0
312,814.0,478.0
312,878.0,499.0
312,959.0,502.0
312,1017.0,507.0
312,999.0,399.0
312,817.0,410.0
312,918.0,310.0
312,842.0,295.0
312,920.0,195.0
312,907.0,819.0
312,916.0,455.0
312,994.0,294.0
313,945.0,827.0
313,947.0,647.0
313,892.0,666.0
313,815.0,478.0
313,877.0,498.0
313,959.0,502.0
313,1016.0,507.0
313,1000.0,401.0
313,818.0,411.0
313,918.0,310.0
313,842.0,296.0
313,920.0,198.0
313,906.0,815.0
313,917.0,456.0
313,994.0,295.0
314,944.0,828.0
314,947.0,649.0
314,892.0,668.0
314,816.0,479.0
314,878.0,502.0
314,959.0,503.0
314,1016.0,508.0
314,1000.0,402.0
314,818.0,412.0
314,919.0,312.0
314,843.0,298.0
314,920.0,197.0
314,906.0,810.0
314,917.0,458.0
314,995.0,296.0
315,945.0,829.0
315,947.0,649.0
315,892.0,668.0
315,816.0,479.0
315,878.0,502.0
315,959.0,503.0
315,1017.0,509.0
315,1000.0,402.0
315,818.0,411.0
315,919.0,312.0
315,843.0,298.0
315,920.0,197.0
315,906.0,810.0
315,917.0,458.0
315,995.0,297.0
316,944.0,828.0
316,946.0,649.0
316,892.0,668.0
316,816.0,479.0
316,880.0,503.0
316,959.0,503.0
316,1017.0,509.0
316,1000.0,402.0
316,818.0,411.0
316,919.0,312.0
316,843.0,298.0
316,920.0,197.0
316,906.0,810.0
316,917.0,459.0
316,995.0,297.0
317,944.0,828.0
317,947.0,650.0
317,891.0,669.0
317,816.0,479.0
317,880.0,503.0
317,960.0,504.0
317,1017.0,510.0
317,1000.0,402.0
317,818.0,412.0
317,919.0,312.0
317,844.0,298.0
317,921.0,198.0
317,905.0,806.0
317,918.0,458.0
317,995.0,297.0
318,944.0,828.0
318,947.0,650.0
318,891.0,669.0
318,815.0,478.0
318,880.0,503.0
318,960.0,504.0
318,1017.0,509.0
318,1000.0,403.0
318,819.0,413.0
318,918.0,312.0
318,844.0,298.0
318,921.0,198.0
318,905.0,806.0
318,917.0,458.0
318,996.0,298.0
319,943.0,828.0
319,946.0,651.0
319,891.0,671.0
319,816.0,481.0
319,882.0,505.0
319,960.0,504.0
319,1018.0,510.0
319,1001.0,404.0
319,819.0,414.0
319,919.0,313.0
319,844.0,299.0
319,924.0,200.0
319,904.0,801.0
319,918.0,459.0
319,996.0,299.0
320,942.0,828.0
320,946.0,652.0
320,891.0,672.0
320,817.0,481.0
320,882.0,506.0
320,961.0,505.0
320,1018.0,511.0
320,1001.0,404.0
320,820.0,414.0
320,920.0,313.0
320,845.0,300.0
320,923.0,200.0
320,904.0,798.0
320,918.0,460.0
320,996.0,299.0
321,941.0,827.0
321,945.0,652.0
321,887.0,669.0
321,817.0,482.0
321,882.0,506.0
321,962.0,505.0
321,1019.0,512.0
321,1001.0,404.0
321,822.0,414.0
321,920.0,313.0
321,846.0,300.0
321,924.0,200.0
321,902.0,792.0
321,919.0,460.0
321,997.0,299.0
322,941.0,828.0
322,945.0,653.0
322,889.0,672.0
322,817.0,483.0
322,882.0,506.0
322,962.0,505.0
322,1020.0,514.0
322,1001.0,405.0
322,822.0,414.0
322,920.0,313.0
322,846.0,300.0
322,924.0,200.0
322,902.0,792.0
322,920.0,460.0
322,997.0,299.0
323,941.0,828.0
323,946.0,654.0
323,889.0,672.0
323,817.0,483.0
323,882.0,505.0
323,962.0,505.0
323,1021.0,515.0
323,1003.0,405.0
323,821.0,413.0
323,920.0,313.0
323,846.0,300.0
323,924.0,199.0
323,902.0,789.0
323,920.0,460.0
323,997.0,299.0
324,942.0,828.0
324,946.0,654.0
324,889.0,672.0
324,818.0,484.0
324,882.0,505.0
324,962.0,505.0
324,1021.0,515.0
324,1002.0,405.0
324,822.0,413.0
324,921.0,313.0
324,847.0,300.0
324,924.0,199.0
324,902.0,789.0
324,920.0,460.0
324,997.0,298.0
325,941.0,828.0
325,946.0,655.0
325,888.0,673.0
325,818.0,484.0
325,882.0,506.0
325,962.0,505.0
325,1021.0,515.0
325,1003.0,406.0
325,822.0,413.0
325,921.0,313.0
325,847.0,299.0
325,924.0,199.0
325,901.0,787.0
325,919.0,459.0
325,998.0,298.0
326,941.0,828.0
326,947.0,655.0
326,888.0,672.0
326,818.0,484.0
326,882.0,505.0
326,962.0,504.0
326,1021.0,513.0
326,1003.0,405.0
326,823.0,413.0
326,922.0,313.0
326,846.0,299.0
326,924.0,199.0
326,901.0,787.0
326,919.0,459.0
326,996.0,296.0
327,940.0,827.0
327,946.0,655.0
327,888.0,673.0
327,818.0,486.0
327,883.0,505.0
327,963.0,504.0
327,1021.0,514.0
327,1003.0,405.0
327,824.0,413.0
327,922.0,313.0
327,847.0,298.0
327,924.0,197.0
327,901.0,782.0
327,919.0,458.0
327,999.0,298.0
328,940.0,824.0
328,946.0,655.0
328,886.0,672.0
328,818.0,489.0
328,884.0,504.0
328,964.0,503.0
328,1022.0,513.0
328,1005.0,405.0
328,824.0,411.0
328,924.0,313.0
328,848.0,298.0
328,925.0,197.0
328,900.0,778.0
328,920.0,457.0
328,1000.0,297.0
329,940.0,824.0
329,946.0,655.0
329,886.0,672.0
329,818.0,488.0
329,884.0,504.0
329,964.0,502.0
329,1022.0,513.0
329,1005.0,405.0
329,825.0,411.0
329,924.0,312.0
329,848.0,298.0
329,926.0,196.0
329,900.0,778.0
329,921.0,458.0
329,999.0,296.0
330,940.0,824.0
330,946.0,655.0
330,886.0,672.0
330,817.0,488.0
330,884.0,504.0
330,964.0,502.0
330,1021.0,513.0
330,1006.0,405.0
330,825.0,412.0
330,924.0,312.0
330,848.0,298.0
330,926.0,197.0
330,900.0,778.0
330,921.0,457.0
330,996.0,294.0
331,939.0,825.0
331,946.0,656.0
331,886.0,671.0
331,817.0,487.0
331,884.0,504.0
331,964.0,501.0
331,1021.0,513.0
331,1006.0,405.0
331,826.0,412.0
331,925.0,313.0
331,848.0,297.0
331,925.0,195.0
331,898.0,775.0
331,921.0,457.0
331,997.0,292.0
332,939.0,824.0
332,946.0,655.0
332,884.0,670.0
332,816.0,489.0
332,885.0,503.0
332,964.0,500.0
332,1021.0,512.0
332,1007.0,404.0
332,828.0,411.0
332,925.0,310.0
332,848.0,293.0
332,927.0,193.0
332,897.0,772.0
332,921.0,454.0
332,998.0,291.0
333,939.0,823.0
333,947.0,655.0
333,884.0,670.0
333,817.0,490.0
333,884.0,502.0
333,964.0,499.0
333,1023.0,512.0
333,1008.0,403.0
333,828.0,410.0
333,924.0,309.0
333,848.0,293.0
333,926.0,193.0
333,897.0,771.0
333,921.0,454.0
333,999.0,291.0
334,939.0,823.0
334,946.0,655.0
334,884.0,670.0
334,818.0,492.0
334,884.0,501.0
334,964.0,498.0
334,1023.0,512.0
334,1008.0,403.0
334,828.0,409.0
334,924.0,308.0
334,848.0,293.0
334,927.0,193.0
334,897.0,771.0
334,921.0,453.0
334,999.0,291.0
335,939.0,822.0
335,947.0,655.0
335,884.0,666.0
335,817.0,492.0
335,884.0,498.0
335,964.0,496.0
335,1024.0,511.0
335,1009.0,403.0
335,828.0,407.0
335,925.0,307.0
335,849.0,292.0
335,927.0,191.0
335,896.0,769.0
335,921.0,451.0
335,1001.0,291.0
336,938.0,823.0
336,946.0,655.0
336,884.0,667.0
336,818.0,493.0
336,884.0,498.0
336,965.0,496.0
336,1025.0,510.0
336,1010.0,403.0
336,828.0,407.0
336,925.0,307.0
336,849.0,292.0
336,927.0,191.0
336,897.0,770.0
336,922.0,451.0
336,1000.0,290.0
337,939.0,823.0
337,947.0,655.0
337,883.0,667.0
337,819.0,494.0
337,884.0,499.0
337,964.0,495.0
337,1024.0,510.0
337,1010.0,403.0
337,828.0,407.0
337,925.0,307.0
337,850.0,292.0
337,927.0,191.0
337,897.0,770.0
337,922.0,451.0
337,1002.0,291.0
338,938.0,822.0
338,947.0,654.0
338,883.0,663.0
338,819.0,497.0
338,885.0,497.0
338,965.0,493.0
338,1024.0,506.0
338,1012.0,401.0
338,830.0,403.0
338,925.0,302.0
338,850.0,288.0
338,928.0,188.0
338,894.0,768.0
338,923.0,448.0
338,1003.0,288.0
339,938.0,823.0
339,948.0,654.0
339,883.0,664.0
339,819.0,497.0
339,885.0,496.0
339,965.0,493.0
339,1025.0,507.0
339,1012.0,401.0
339,830.0,404.0
339,925.0,302.0
339,850.0,289.0
339,928.0,188.0
339,894.0,769.0
339,923.0,448.0
339,1003.0,288.0
340,938.0,823.0
340,948.0,654.0
340,882.0,662.0
340,818.0,496.0
340,885.0,496.0
340,966.0,492.0
340,1026.0,506.0
340,1013.0,401.0
340,831.0,403.0
340,925.0,302.0
340,850.0,288.0
340,928.0,187.0
340,895.0,769.0
340,923.0,448.0
340,1003.0,288.0
341,938.0,823.0
341,947.0,653.0
341,883.0,662.0
341,816.0,495.0
341,885.0,496.0
341,966.0,492.0
341,1027.0,507.0
341,1013.0,400.0
341,831.0,403.0
341,925.0,302.0
341,850.0,288.0
341,927.0,187.0
341,895.0,769.0
341,923.0,448.0
341,1003.0,287.0
342,938.0,823.0
342,947.0,653.0
342,882.0,662.0
342,818.0,497.0
342,885.0,495.0
342,966.0,492.0
342,1027.0,507.0
342,1013.0,401.0
342,831.0,403.0
342,925.0,302.0
342,850.0,288.0
342,928.0,187.0
342,895.0,769.0
342,923.0,448.0
342,1002.0,287.0
343,938.0,823.0
343,948.0,653.0
343,883.0,659.0
343,818.0,498.0
343,886.0,495.0
343,966.0,490.0
343,1027.0,503.0
343,1015.0,400.0
343,833.0,401.0
343,926.0,300.0
343,850.0,285.0
343,927.0,185.0
343,894.0,770.0
343,923.0,445.0
343,1002.0,285.0
344,938.0,823.0
344,948.0,653.0
344,882.0,658.0
344,818.0,499.0
344,886.0,494.0
344,966.0,490.0
344,1027.0,504.0
344,1015.0,400.0
344,833.0,402.0
344,926.0,300.0
344,850.0,286.0
344,928.0,185.0
344,894.0,770.0
344,923.0,445.0
344,1002.0,285.0
345,937.0,823.0
345,947.0,652.0
345,882.0,657.0
345,818.0,500.0
345,885.0,492.0
345,966.0,489.0
345,1029.0,501.0
345,1016.0,399.0
345,833.0,399.0
345,927.0,299.0
345,850.0,285.0
345,928.0,184.0
345,894.0,773.0
345,923.0,444.0
345,1000.0,282.0
346,936.0,823.0
346,948.0,651.0
346,884.0,654.0
346,818.0,501.0
346,885.0,491.0
346,967.0,488.0
346,1029.0,497.0
346,1018.0,398.0
346,834.0,398.0
346,926.0,297.0
346,851.0,284.0
346,927.0,183.0
346,893.0,777.0
346,924.0,443.0
346,1002.0,281.0
347,936.0,824.0
347,948.0,651.0
347,883.0,653.0
347,818.0,502.0
347,885.0,491.0
347,966.0,487.0
347,1029.0,496.0
347,1019.0,398.0
347,834.0,398.0
347,926.0,297.0
347,850.0,283.0
347,927.0,182.0
347,893.0,778.0
347,924.0,443.0
347,1002.0,280.0
348,936.0,824.0
348,948.0,651.0
348,883.0,653.0
348,818.0,501.0
348,886.0,491.0
348,966.0,488.0
348,1029.0,496.0
348,1019.0,398.0
348,835.0,398.0
348,925.0,297.0
348,850.0,283.0
348,927.0,182.0
348,893.0,779.0
348,924.0,443.0
348,1002.0,280.0
349,936.0,824.0
349,948.0,651.0
349,883.0,653.0
349,818.0,501.0
349,886.0,491.0
349,967.0,488.0
349,1029.0,495.0
349,1019.0,398.0
349,836.0,398.0
349,926.0,297.0
349,849.0,282.0
349,927.0,182.0
349,893.0,779.0
349,924.0,443.0
349,1002.0,280.0
350,936.0,824.0
350,948.0,651.0
350,883.0,653.0
350,819.0,501.0
350,886.0,491.0
350,967.0,488.0
350,1029.0,495.0
350,1018.0,397.0
350,835.0,398.0
350,926.0,297.0
350,849.0,282.0
350,927.0,182.0
350,892.0,779.0
350,924.0,443.0
350,1002.0,280.0
351,935.0,824.0
351,947.0,650.0
351,884.0,651.0
351,818.0,502.0
351,886.0,491.0
351,967.0,488.0
351,1029.0,492.0
351,1020.0,397.0
351,835.0,397.0
351,926.0,297.0
351,850.0,283.0
351,927.0,182.0
351,893.0,784.0
351,924.0,443.0
351,1002.0,281.0
352,936.0,827.0
352,947.0,650.0
352,884.0,649.0
352,817.0,503.0
352,886.0,491.0
352,967.0,488.0
352,1030.0,487.0
352,1021.0,398.0
352,836.0,397.0
352,926.0,297.0
352,849.0,283.0
352,927.0,182.0
352,893.0,789.0
352,924.0,443.0
352,1002.0,280.0
353,936.0,826.0
353,948.0,651.0
353,884.0,649.0
353,818.0,503.0
353,885.0,490.0
353,967.0,487.0
353,1030.0,488.0
353,1022.0,398.0
353,836.0,397.0
353,926.0,297.0
353,850.0,283.0
353,927.0,183.0
353,893.0,789.0
353,924.0,442.0
353,1002.0,280.0
354,936.0,827.0
354,948.0,651.0
354,884.0,649.0
354,818.0,504.0
354,885.0,490.0
354,967.0,488.0
354,1030.0,488.0
354,1022.0,398.0
354,836.0,397.0
354,926.0,297.0
354,851.0,283.0
354,927.0,183.0
354,893.0,789.0
354,925.0,442.0
354,1002.0,280.0
355,936.0,827.0
355,949.0,652.0
355,885.0,646.0
355,818.0,504.0
355,886.0,491.0
355,967.0,488.0
355,1030.0,483.0
355,1023.0,399.0
355,837.0,397.0
355,926.0,297.0
355,850.0,284.0
355,927.0,183.0
355,893.0,794.0
355,925.0,443.0
355,1002.0,281.0
356,936.0,828.0
356,949.0,652.0
356,885.0,646.0
356,817.0,504.0
356,886.0,491.0
356,967.0,488.0
356,1030.0,484.0
356,1023.0,399.0
356,837.0,397.0
356,925.0,297.0
356,850.0,284.0
356,927.0,183.0
356,893.0,795.0
356,925.0,443.0
356,1002.0,281.0
357,936.0,828.0
357,948.0,652.0
357,886.0,647.0
357,818.0,505.0
357,886.0,491.0
357,967.0,488.0
357,1030.0,480.0
357,1023.0,399.0
357,837.0,397.0
357,926.0,299.0
357,850.0,285.0
357,927.0,184.0
357,893.0,801.0
357,925.0,444.0
357,1002.0,281.0
358,936.0,828.0
358,948.0,652.0
358,886.0,646.0
358,817.0,504.0
358,885.0,491.0
358,966.0,489.0
358,1030.0,480.0
358,1023.0,399.0
358,838.0,397.0
358,926.0,298.0
358,850.0,285.0
358,926.0,185.0
358,894.0,801.0
358,925.0,444.0
358,1002.0,281.0
359,936.0,828.0
359,947.0,651.0
359,886.0,646.0
359,817.0,505.0
359,885.0,491.0
359,966.0,489.0
359,1030.0,481.0
359,1024.0,399.0
359,838.0,397.0
359,926.0,299.0
359,850.0,285.0
359,927.0,185.0
359,893.0,801.0
359,925.0,445.0
359,1002.0,281.0
360,935.0,827.0
360,947.0,653.0
360,887.0,645.0
360,817.0,505.0
360,886.0,493.0
360,966.0,490.0
360,1030.0,476.0
360,1024.0,399.0
360,838.0,397.0
360,926.0,301.0
360,848.0,285.0
360,926.0,186.0
360,894.0,806.0
360,926.0,446.0
360,1003.0,283.0
361,935.0,827.0
361,947.0,653.0
361,887.0,645.0
361,817.0,506.0
361,886.0,492.0
361,966.0,491.0
361,1030.0,477.0
361,1024.0,399.0
361,838.0,397.0
361,927.0,301.0
361,849.0,286.0
361,926.0,185.0
361,894.0,806.0
361,925.0,445.0
361,1002.0,282.0
362,935.0,827.0
362,948.0,654.0
362,888.0,645.0
362,818.0,507.0
362,886.0,495.0
362,966.0,492.0
362,1030.0,474.0
362,1025.0,401.0
362,838.0,398.0
362,926.0,302.0
362,849.0,288.0
362,925.0,187.0
362,895.0,812.0
362,925.0,447.0
362,1001.0,283.0
363,935.0,826.0
363,948.0,658.0
363,888.0,645.0
363,817.0,508.0
363,885.0,495.0
363,965.0,495.0
363,1029.0,471.0
363,1025.0,402.0
363,839.0,400.0
363,925.0,303.0
363,849.0,292.0
363,924.0,188.0
363,896.0,817.0
363,925.0,450.0
363,999.0,284.0
364,935.0,826.0
364,946.0,656.0
364,889.0,645.0
364,817.0,508.0
364,884.0,494.0
364,965.0,494.0
364,1029.0,472.0
364,1026.0,402.0
364,839.0,400.0
364,925.0,304.0
364,849.0,292.0
364,924.0,189.0
364,896.0,817.0
364,925.0,450.0
364,1000.0,285.0
365,935.0,826.0
365,946.0,656.0
365,889.0,645.0
365,817.0,508.0
365,884.0,495.0
365,964.0,494.0
365,1029.0,471.0
365,1025.0,403.0
365,839.0,400.0
365,925.0,304.0
365,849.0,292.0
365,924.0,188.0
365,896.0,818.0
365,925.0,450.0
365,1000.0,285.0
366,935.0,825.0
366,947.0,657.0
366,890.0,645.0
366,817.0,509.0
366,884.0,495.0
366,964.0,495.0
366,1027.0,470.0
366,1025.0,403.0
366,840.0,401.0
366,924.0,304.0
366,849.0,292.0
366,924.0,190.0
366,897.0,819.0
366,925.0,450.0
366,1001.0,287.0
367,936.0,821.0
367,947.0,659.0
367,890.0,646.0
367,817.0,509.0
367,885.0,497.0
367,965.0,498.0
367,1027.0,468.0
367,1025.0,404.0
367,840.0,403.0
367,924.0,306.0
367,848.0,294.0
367,922.0,192.0
367,898.0,824.0
367,925.0,452.0
367,1001.0,290.0
368,936.0,820.0
368,947.0,660.0
368,891.0,646.0
368,816.0,511.0
368,884.0,498.0
368,965.0,499.0
368,1028.0,468.0
368,1025.0,404.0
368,839.0,403.0
368,923.0,307.0
368,848.0,295.0
368,922.0,193.0
368,898.0,824.0
368,924.0,454.0
368,999.0,289.0
369,936.0,820.0
369,947.0,660.0
369,891.0,647.0
369,816.0,511.0
369,883.0,498.0
369,964.0,499.0
369,1028.0,469.0
369,1025.0,404.0
369,839.0,403.0
369,923.0,307.0
369,848.0,296.0
369,922.0,194.0
369,897.0,825.0
369,924.0,454.0
369,999.0,289.0
370,936.0,819.0
370,947.0,660.0
370,891.0,647.0
370,817.0,511.0
370,883.0,498.0
370,964.0,499.0
370,1028.0,468.0
370,1025.0,405.0
370,837.0,401.0
370,923.0,307.0
370,848.0,296.0
370,923.0,193.0
370,897.0,825.0
370,924.0,454.0
370,999.0,289.0
371,936.0,820.0
371,947.0,659.0
371,892.0,647.0
371,816.0,511.0
371,884.0,498.0
371,964.0,499.0
371,1028.0,468.0
371,1024.0,405.0
371,839.0,403.0
371,924.0,307.0
371,847.0,295.0
371,923.0,194.0
371,898.0,825.0
371,924.0,454.0
371,999.0,289.0
372,936.0,816.0
372,948.0,663.0
372,893.0,648.0
372,817.0,512.0
372,883.0,499.0
372,964.0,501.0
372,1027.0,467.0
372,1024.0,406.0
372,839.0,405.0
372,922.0,309.0
372,845.0,295.0
372,923.0,197.0
372,898.0,828.0
372,924.0,455.0
372,999.0,291.0
373,937.0,812.0
373,948.0,665.0
373,894.0,651.0
373,817.0,515.0
373,882.0,500.0
373,964.0,505.0
373,1026.0,466.0
373,1024.0,407.0
373,840.0,408.0
373,922.0,311.0
373,846.0,300.0
373,923.0,198.0
373,899.0,829.0
373,924.0,457.0
373,998.0,292.0
374,938.0,807.0
374,948.0,666.0
374,894.0,651.0
374,817.0,516.0
374,882.0,502.0
374,964.0,505.0
374,1025.0,466.0
374,1024.0,408.0
374,839.0,408.0
374,922.0,312.0
374,844.0,299.0
374,920.0,198.0
374,900.0,831.0
374,923.0,458.0
374,998.0,294.0
375,938.0,806.0
375,949.0,666.0
375,894.0,651.0
375,816.0,516.0
375,882.0,502.0
375,963.0,505.0
375,1025.0,466.0
375,1024.0,409.0
375,839.0,408.0
375,922.0,313.0
375,845.0,301.0
375,920.0,198.0
375,900.0,830.0
375,923.0,458.0
375,997.0,293.0
376,939.0,804.0
376,949.0,667.0
376,895.0,653.0
376,816.0,516.0
376,881.0,502.0
376,962.0,506.0
376,1025.0,466.0
376,1024.0,410.0
376,838.0,407.0
376,922.0,314.0
376,845.0,302.0
376,920.0,198.0
376,900.0,830.0
376,923.0,459.0
376,997.0,293.0
377,939.0,804.0
377,949.0,667.0
377,895.0,653.0
377,816.0,516.0
377,882.0,502.0
377,962.0,506.0
377,1024.0,466.0
377,1024.0,410.0
377,838.0,408.0
377,922.0,313.0
377,846.0,302.0
377,920.0,198.0
377,900.0,831.0
377,923.0,459.0
377,997.0,293.0
378,940.0,799.0
378,949.0,669.0
378,895.0,654.0
378,816.0,517.0
378,881.0,503.0
378,961.0,507.0
378,1023.0,466.0
378,1023.0,410.0
378,838.0,409.0
378,920.0,314.0
378,845.0,303.0
378,919.0,199.0
378,901.0,831.0
378,923.0,460.0
378,997.0,294.0
379,940.0,798.0
379,950.0,669.0
379,895.0,654.0
379,816.0,517.0
379,881.0,503.0
379,961.0,507.0
379,1023.0,466.0
379,1023.0,410.0
379,838.0,410.0
379,921.0,314.0
379,845.0,303.0
379,919.0,199.0
379,901.0,832.0
379,923.0,460.0
379,996.0,294.0
380,941.0,796.0
380,950.0,670.0
380,894.0,654.0
380,814.0,517.0
380,881.0,503.0
380,961.0,507.0
380,1024.0,468.0
380,1022.0,410.0
380,838.0,410.0
380,921.0,314.0
380,843.0,303.0
380,919.0,200.0
380,901.0,831.0
380,922.0,459.0
380,996.0,294.0
381,941.0,790.0
381,951.0,671.0
381,894.0,655.0
381,812.0,517.0
381,881.0,503.0
381,961.0,507.0
381,1023.0,470.0
381,1019.0,409.0
381,836.0,410.0
381,920.0,314.0
381,844.0,303.0
381,918.0,199.0
381,902.0,830.0
381,922.0,459.0
381,996.0,294.0
382,942.0,791.0
382,951.0,671.0
382,895.0,655.0
382,814.0,518.0
382,880.0,502.0
382,960.0,507.0
382,1023.0,470.0
382,1020.0,410.0
382,836.0,410.0
382,919.0,313.0
382,843.0,302.0
382,918.0,200.0
382,902.0,830.0
382,922.0,460.0
382,996.0,294.0
383,941.0,790.0
383,951.0,671.0
383,895.0,655.0
383,814.0,518.0
383,880.0,502.0
383,961.0,507.0
383,1023.0,470.0
383,1020.0,410.0
383,836.0,410.0
383,919.0,314.0
383,843.0,303.0
383,918.0,200.0
383,902.0,830.0
383,922.0,460.0
383,995.0,294.0
384,942.0,785.0
384,952.0,671.0
384,895.0,656.0
384,814.0,519.0
384,879.0,502.0
384,960.0,507.0
384,1022.0,471.0
384,1019.0,409.0
384,835.0,410.0
384,920.0,314.0
384,843.0,302.0
384,917.0,199.0
384,902.0,829.0
384,921.0,459.0
384,995.0,294.0
385,942.0,785.0
385,952.0,671.0
385,895.0,656.0
385,814.0,519.0
385,879.0,502.0
385,960.0,507.0
385,1022.0,472.0
385,1019.0,410.0
385,835.0,410.0
385,920.0,314.0
385,843.0,303.0
385,917.0,198.0
385,902.0,829.0
385,921.0,459.0
385,995.0,293.0
386,944.0,777.0
386,955.0,671.0
386,895.0,658.0
386,814.0,520.0
386,878.0,500.0
386,960.0,507.0
386,1021.0,475.0
386,1016.0,408.0
386,834.0,410.0
386,919.0,313.0
386,842.0,301.0
386,916.0,197.0
386,902.0,827.0
386,919.0,457.0
386,994.0,292.0
387,944.0,777.0
387,954.0,671.0
387,895.0,657.0
387,813.0,520.0
387,878.0,500.0
387,960.0,507.0
387,1021.0,475.0
387,1016.0,408.0
387,834.0,410.0
387,919.0,313.0
387,842.0,301.0
387,916.0,197.0
387,903.0,828.0
387,919.0,457.0
387,994.0,293.0
388,944.0,775.0
388,954.0,671.0
388,894.0,657.0
388,812.0,519.0
388,878.0,499.0
388,959.0,506.0
388,1021.0,477.0
388,1016.0,408.0
388,834.0,410.0
388,919.0,312.0
388,842.0,301.0
388,915.0,196.0
388,903.0,827.0
388,919.0,457.0
388,994.0,291.0
389,944.0,775.0
389,955.0,671.0
389,894.0,657.0
389,812.0,519.0
389,878.0,499.0
389,958.0,505.0
389,1021.0,477.0
389,1016.0,408.0
389,834.0,410.0
389,919.0,312.0
389,842.0,301.0
389,915.0,196.0
389,903.0,827.0
389,919.0,457.0
389,994.0,292.0
390,944.0,775.0
390,955.0,671.0
390,895.0,657.0
390,812.0,518.0
390,878.0,499.0
390,958.0,505.0
390,1021.0,476.0
390,1016.0,408.0
390,833.0,409.0
390,919.0,312.0
390,841.0,300.0
390,915.0,196.0
390,903.0,827.0
390,919.0,456.0
390,994.0,291.0
391,945.0,771.0
391,955.0,669.0
391,894.0,657.0
391,812.0,518.0
391,877.0,498.0
391,957.0,504.0
391,1019.0,477.0
391,1014.0,406.0
391,832.0,410.0
391,918.0,309.0
391,841.0,299.0
391,914.0,194.0
391,904.0,826.0
391,919.0,455.0
391,993.0,291.0
392,946.0,770.0
392,955.0,668.0
392,894.0,657.0
392,811.0,518.0
392,877.0,497.0
392,958.0,503.0
392,1019.0,480.0
392,1014.0,406.0
392,831.0,408.0
392,917.0,308.0
392,841.0,299.0
392,914.0,193.0
392,904.0,825.0
392,918.0,454.0
392,993.0,288.0
393,948.0,769.0
393,957.0,666.0
393,893.0,656.0
393,810.0,515.0
393,877.0,494.0
393,958.0,502.0
393,1020.0,483.0
393,1012.0,404.0
393,830.0,407.0
393,917.0,306.0
393,840.0,295.0
393,914.0,190.0
393,904.0,825.0
393,917.0,451.0
393,993.0,287.0
394,948.0,769.0
394,957.0,667.0
394,893.0,656.0
394,811.0,516.0
394,877.0,495.0
394,958.0,502.0
394,1020.0,483.0
394,1012.0,404.0
394,830.0,408.0
394,917.0,306.0
394,840.0,295.0
394,914.0,191.0
394,904.0,825.0
394,917.0,451.0
394,993.0,287.0
