1,853.0,843.0
1,1068.0,800.0
1,945.0,689.0
1,941.0,518.0
1,813.0,501.0
1,925.0,476.0
1,890.0,429.0
1,1026.0,422.0
1,935.0,329.0
1,978.0,315.0
1,903.0,314.0
1,940.0,215.0
1,1032.0,530.0
1,912.0,521.0
2,853.0,843.0
2,1068.0,800.0
2,945.0,689.0
2,941.0,518.0
2,813.0,501.0
2,925.0,476.0
2,890.0,429.0
2,1026.0,422.0
2,935.0,329.0
2,978.0,315.0
2,903.0,314.0
2,940.0,215.0
2,1032.0,530.0
2,912.0,521.0
3,861.0,842.0
3,1067.0,795.0
3,936.0,689.0
3,940.0,517.0
3,817.0,503.0
3,925.0,475.0
3,892.0,428.0
3,1024.0,422.0
3,935.0,328.0
3,977.0,314.0
3,903.0,313.0
3,940.0,214.0
3,1028.0,530.0
3,911.0,520.0
4,871.0,841.0
4,1064.0,791.0
4,927.0,688.0
4,940.0,515.0
4,822.0,505.0
4,924.0,474.0
4,895.0,427.0
4,1022.0,421.0
4,935.0,326.0
4,977.0,313.0
4,903.0,311.0
4,940.0,213.0
4,1023.0,530.0
4,910.0,519.0
5,871.0,841.0
5,1064.0,791.0
5,927.0,688.0
5,940.0,515.0
5,822.0,505.0
5,924.0,474.0
5,895.0,427.0
5,1022.0,421.0
5,935.0,326.0
5,977.0,313.0
5,903.0,311.0
5,940.0,213.0
5,1023.0,530.0
5,910.0,519.0
6,871.0,841.0
6,1064.0,791.0
6,927.0,688.0
6,940.0,515.0
6,822.0,505.0
6,924.0,474.0
6,895.0,427.0
6,1022.0,421.0
6,935.0,326.0
6,977.0,313.0
6,903.0,311.0
6,940.0,213.0
6,1023.0,530.0
6,910.0,519.0
7,871.0,841.0
7,1064.0,791.0
7,927.0,688.0
7,940.0,515.0
7,822.0,505.0
7,924.0,474.0
7,895.0,427.0
7,1022.0,421.0
7,935.0,326.0
7,977.0,313.0
7,903.0,311.0
7,940.0,213.0
7,1023.0,530.0
7,910.0,519.0
8,881.0,840.0
8,1059.0,787.0
8,917.0,687.0
8,940.0,513.0
8,827.0,507.0
8,924.0,472.0
8,898.0,426.0
8,1020.0,421.0
8,935.0,325.0
8,976.0,311.0
8,904.0,310.0
8,940.0,211.0
8,1017.0,530.0
8,910.0,518.0
9,881.0,840.0
9,1059.0,787.0
9,917.0,687.0
9,940.0,513.0
9,827.0,507.0
9,924.0,472.0
9,898.0,426.0
9,1020.0,421.0
9,935.0,325.0
9,976.0,311.0
9,904.0,310.0
9,940.0,211.0
9,1017.0,530.0
9,910.0,518.0
10,892.0,839.0
10,1051.0,785.0
10,907.0,685.0
10,888.0,671.0
10,940.0,512.0
10,834.0,509.0
10,924.0,470.0
10,901.0,424.0
10,1017.0,420.0
10,935.0,323.0
10,976.0,309.0
10,905.0,308.0
10,940.0,209.0
10,1010.0,529.0
10,910.0,516.0
11,892.0,839.0
11,1051.0,785.0
11,907.0,685.0
11,888.0,671.0
11,940.0,512.0
11,834.0,509.0
11,924.0,470.0
11,901.0,424.0
11,1017.0,420.0
11,935.0,323.0
11,976.0,309.0
11,905.0,308.0
11,940.0,209.0
11,1010.0,529.0
11,910.0,516.0
12,903.0,839.0
12,1041.0,783.0
12,897.0,684.0
12,892.0,671.0
12,941.0,510.0
12,840.0,511.0
12,924.0,468.0
12,904.0,422.0
12,1015.0,419.0
12,935.0,321.0
12,975.0,307.0
12,905.0,306.0
12,940.0,207.0
12,1003.0,527.0
12,910.0,514.0
13,903.0,839.0
13,1041.0,783.0
13,897.0,684.0
13,892.0,671.0
13,941.0,510.0
13,840.0,511.0
13,924.0,468.0
13,904.0,422.0
13,1015.0,419.0
13,935.0,321.0
13,975.0,307.0
13,905.0,306.0
13,940.0,207.0
13,1003.0,527.0
13,910.0,514.0
14,903.0,839.0
14,1041.0,783.0
14,897.0,684.0
14,892.0,671.0
14,941.0,510.0
14,840.0,511.0
14,924.0,468.0
14,904.0,422.0
14,1015.0,419.0
14,935.0,321.0
14,975.0,307.0
14,905.0,306.0
14,940.0,207.0
14,1003.0,527.0
14,910.0,514.0
15,914.0,838.0
15,1029.0,783.0
15,888.0,681.0
15,898.0,670.0
15,941.0,508.0
15,847.0,512.0
15,925.0,466.0
15,908.0,420.0
15,1012.0,418.0
15,936.0,319.0
15,975.0,305.0
15,906.0,304.0
15,940.0,205.0
15,995.0,525.0
15,910.0,512.0
16,914.0,838.0
16,1028.0,783.0
16,888.0,681.0
16,898.0,670.0
16,941.0,508.0
16,847.0,512.0
16,925.0,466.0
16,908.0,420.0
16,1012.0,418.0
16,936.0,319.0
16,975.0,305.0
16,906.0,304.0
16,940.0,205.0
16,995.0,525.0
16,910.0,512.0
17,925.0,838.0
17,1014.0,783.0
17,879.0,678.0
17,903.0,669.0
17,942.0,506.0
17,855.0,514.0
17,926.0,464.0
17,912.0,418.0
17,1009.0,417.0
17,936.0,317.0
17,975.0,303.0
17,907.0,302.0
17,940.0,203.0
17,987.0,523.0
17,910.0,511.0
18,925.0,838.0
18,1014.0,783.0
18,879.0,678.0
18,903.0,669.0
18,942.0,506.0
18,855.0,514.0
18,926.0,464.0
18,912.0,418.0
18,1009.0,417.0
18,936.0,317.0
18,975.0,303.0
18,907.0,302.0
18,940.0,203.0
18,987.0,523.0
18,910.0,511.0
19,925.0,838.0
19,1014.0,783.0
19,879.0,678.0
19,903.0,669.0
19,942.0,506.0
19,855.0,514.0
19,926.0,464.0
19,912.0,418.0
19,1009.0,417.0
19,936.0,317.0
19,975.0,303.0
19,907.0,302.0
19,940.0,203.0
19,987.0,523.0
19,910.0,511.0
20,935.0,839.0
20,998.0,785.0
20,871.0,675.0
20,910.0,669.0
20,943.0,504.0
20,863.0,515.0
20,927.0,462.0
20,916.0,416.0
20,1006.0,416.0
20,937.0,315.0
20,975.0,301.0
20,908.0,301.0
20,941.0,201.0
20,978.0,520.0
20,911.0,509.0
21,946.0,840.0
21,981.0,788.0
21,864.0,673.0
21,917.0,668.0
21,945.0,503.0
21,870.0,516.0
21,928.0,461.0
21,920.0,415.0
21,1003.0,415.0
21,938.0,314.0
21,975.0,299.0
21,910.0,300.0
21,941.0,200.0
21,970.0,517.0
21,912.0,508.0
22,946.0,840.0
22,981.0,788.0
22,864.0,673.0
22,917.0,668.0
22,945.0,503.0
22,870.0,516.0
22,928.0,461.0
22,920.0,415.0
22,1003.0,415.0
22,938.0,314.0
22,975.0,299.0
22,910.0,300.0
22,941.0,200.0
22,970.0,517.0
22,912.0,508.0
23,946.0,840.0
23,981.0,788.0
23,864.0,673.0
23,917.0,668.0
23,945.0,503.0
23,870.0,516.0
23,928.0,461.0
23,920.0,415.0
23,1003.0,415.0
23,938.0,314.0
23,975.0,299.0
23,910.0,300.0
23,941.0,200.0
23,970.0,517.0
23,912.0,508.0
24,956.0,840.0
24,963.0,792.0
24,858.0,670.0
24,925.0,667.0
24,947.0,502.0
24,878.0,517.0
24,930.0,460.0
24,925.0,414.0
24,1000.0,415.0
24,939.0,313.0
24,975.0,298.0
24,911.0,299.0
24,941.0,199.0
24,961.0,514.0
24,913.0,507.0
25,956.0,840.0
25,962.0,792.0
25,858.0,670.0
25,925.0,667.0
25,947.0,502.0
25,879.0,517.0
25,930.0,460.0
25,925.0,414.0
25,1000.0,415.0
25,939.0,313.0
25,975.0,298.0
25,911.0,299.0
25,941.0,199.0
25,961.0,514.0
25,913.0,507.0
26,966.0,841.0
26,944.0,796.0
26,854.0,668.0
26,934.0,667.0
26,948.0,501.0
26,886.0,518.0
26,931.0,460.0
26,929.0,413.0
26,997.0,415.0
26,940.0,313.0
26,976.0,297.0
26,912.0,299.0
26,942.0,199.0
26,952.0,510.0
26,914.0,506.0
27,966.0,841.0
27,944.0,796.0
27,854.0,668.0
27,934.0,667.0
27,948.0,501.0
27,886.0,518.0
27,931.0,460.0
27,929.0,413.0
27,997.0,415.0
27,940.0,313.0
27,976.0,297.0
27,912.0,299.0
27,942.0,199.0
27,952.0,510.0
27,914.0,506.0
28,966.0,841.0
28,944.0,796.0
28,854.0,668.0
28,934.0,667.0
28,948.0,501.0
28,886.0,518.0
28,931.0,460.0
28,929.0,413.0
28,997.0,415.0
28,940.0,313.0
28,976.0,297.0
28,912.0,299.0
28,942.0,199.0
28,952.0,510.0
28,914.0,506.0
29,975.0,842.0
29,925.0,801.0
29,850.0,666.0
29,943.0,667.0
29,950.0,501.0
29,894.0,519.0
29,933.0,460.0
29,933.0,412.0
29,994.0,415.0
29,941.0,313.0
29,976.0,297.0
29,914.0,299.0
29,942.0,199.0
29,944.0,506.0
29,915.0,506.0
30,985.0,843.0
30,906.0,807.0
30,848.0,664.0
30,952.0,667.0
30,951.0,502.0
30,901.0,520.0
30,934.0,460.0
30,937.0,412.0
30,991.0,415.0
30,942.0,313.0
30,976.0,297.0
30,915.0,300.0
30,943.0,200.0
30,935.0,503.0
30,916.0,506.0
31,985.0,843.0
31,906.0,807.0
31,848.0,664.0
31,952.0,667.0
31,951.0,502.0
31,901.0,520.0
31,934.0,460.0
31,937.0,412.0
31,991.0,415.0
31,942.0,313.0
31,976.0,297.0
31,915.0,300.0
31,943.0,200.0
31,935.0,503.0
31,916.0,506.0
32,985.0,843.0
32,906.0,807.0
32,848.0,664.0
32,952.0,667.0
32,951.0,502.0
32,901.0,520.0
32,934.0,460.0
32,937.0,412.0
32,991.0,415.0
32,942.0,313.0
32,976.0,297.0
32,915.0,300.0
32,943.0,200.0
32,935.0,503.0
32,916.0,506.0
33,994.0,843.0
33,888.0,813.0
33,846.0,663.0
33,961.0,668.0
33,953.0,503.0
33,908.0,521.0
33,935.0,461.0
33,941.0,412.0
33,989.0,415.0
33,942.0,314.0
33,976.0,298.0
33,916.0,301.0
33,943.0,201.0
33,928.0,499.0
33,916.0,507.0
34,994.0,843.0
34,888.0,813.0
34,846.0,663.0
34,961.0,668.0
34,953.0,503.0
34,908.0,521.0
34,935.0,461.0
34,941.0,412.0
34,989.0,415.0
34,942.0,314.0
34,976.0,298.0
34,916.0,301.0
34,943.0,201.0
34,928.0,499.0
34,916.0,507.0
35,994.0,843.0
35,888.0,813.0
35,846.0,663.0
35,961.0,668.0
35,953.0,503.0
35,908.0,521.0
35,935.0,461.0
35,941.0,412.0
35,989.0,415.0
35,942.0,314.0
35,976.0,298.0
35,916.0,301.0
35,943.0,201.0
35,928.0,499.0
35,916.0,507.0
36,1003.0,843.0
36,872.0,819.0
36,845.0,662.0
36,969.0,669.0
36,954.0,504.0
36,915.0,523.0
36,936.0,462.0
36,944.0,413.0
36,986.0,416.0
36,943.0,315.0
36,976.0,299.0
36,917.0,302.0
36,943.0,202.0
36,920.0,495.0
36,917.0,508.0
37,1003.0,843.0
37,872.0,819.0
37,845.0,662.0
37,969.0,669.0
37,954.0,504.0
37,915.0,523.0
37,936.0,462.0
37,944.0,413.0
37,986.0,416.0
37,943.0,315.0
37,976.0,299.0
37,917.0,302.0
37,943.0,202.0
37,920.0,495.0
37,917.0,508.0
38,1013.0,843.0
38,857.0,824.0
38,845.0,662.0
38,976.0,670.0
38,955.0,506.0
38,921.0,524.0
38,936.0,464.0
38,947.0,414.0
38,984.0,417.0
38,943.0,317.0
38,976.0,300.0
38,917.0,304.0
38,943.0,204.0
38,913.0,492.0
38,917.0,509.0
39,1013.0,843.0
39,857.0,824.0
39,845.0,662.0
39,976.0,670.0
39,955.0,506.0
39,921.0,524.0
39,936.0,464.0
39,947.0,414.0
39,984.0,417.0
39,943.0,317.0
39,976.0,300.0
39,917.0,304.0
39,943.0,204.0
39,913.0,492.0
39,917.0,509.0
40,1013.0,843.0
40,857.0,824.0
40,845.0,662.0
40,976.0,670.0
40,955.0,506.0
40,921.0,524.0
40,936.0,464.0
40,947.0,414.0
40,984.0,417.0
40,943.0,317.0
40,976.0,300.0
40,917.0,304.0
40,943.0,204.0
40,913.0,492.0
40,917.0,509.0
41,1022.0,841.0
41,844.0,829.0
41,845.0,662.0
41,983.0,672.0
41,955.0,508.0
41,926.0,525.0
41,936.0,466.0
41,949.0,415.0
41,982.0,418.0
41,943.0,319.0
41,976.0,302.0
41,917.0,306.0
41,943.0,206.0
41,907.0,490.0
41,917.0,511.0
42,1032.0,840.0
42,834.0,834.0
42,846.0,662.0
42,988.0,674.0
42,955.0,510.0
42,931.0,526.0
42,936.0,468.0
42,951.0,417.0
42,980.0,420.0
42,943.0,321.0
42,975.0,303.0
42,917.0,309.0
42,943.0,208.0
42,902.0,487.0
42,917.0,512.0
43,1032.0,840.0
43,834.0,834.0
43,846.0,662.0
43,988.0,674.0
43,955.0,510.0
43,931.0,526.0
43,936.0,468.0
43,951.0,417.0
43,980.0,420.0
43,943.0,321.0
43,975.0,303.0
43,917.0,309.0
43,943.0,208.0
43,902.0,487.0
43,917.0,512.0
44,1032.0,840.0
44,834.0,834.0
44,846.0,662.0
44,988.0,674.0
44,955.0,510.0
44,931.0,526.0
44,936.0,468.0
44,951.0,417.0
44,980.0,420.0
44,943.0,321.0
44,975.0,303.0
44,917.0,309.0
44,943.0,208.0
44,902.0,487.0
44,917.0,512.0
45,1032.0,840.0
45,834.0,834.0
45,846.0,662.0
45,988.0,674.0
45,955.0,510.0
45,931.0,526.0
45,936.0,468.0
45,951.0,417.0
45,980.0,420.0
45,943.0,321.0
45,975.0,303.0
45,917.0,309.0
45,943.0,208.0
45,902.0,487.0
45,917.0,512.0
46,1041.0,837.0
46,826.0,838.0
46,847.0,663.0
46,992.0,676.0
46,955.0,512.0
46,934.0,527.0
46,936.0,470.0
46,953.0,418.0
46,978.0,421.0
46,942.0,323.0
46,975.0,305.0
46,917.0,311.0
46,943.0,210.0
46,898.0,485.0
46,916.0,514.0
47,1050.0,833.0
47,820.0,841.0
47,848.0,664.0
47,994.0,678.0
47,954.0,514.0
47,937.0,529.0
47,935.0,472.0
47,954.0,420.0
47,977.0,423.0
47,942.0,325.0
47,974.0,307.0
47,916.0,313.0
47,942.0,212.0
47,895.0,484.0
47,915.0,515.0
48,1050.0,833.0
48,820.0,841.0
48,848.0,664.0
48,994.0,678.0
48,954.0,514.0
48,937.0,529.0
48,935.0,472.0
48,954.0,420.0
48,977.0,423.0
48,942.0,325.0
48,974.0,307.0
48,916.0,313.0
48,942.0,212.0
48,895.0,484.0
48,915.0,515.0
49,1050.0,833.0
49,820.0,841.0
49,848.0,664.0
49,994.0,678.0
49,954.0,514.0
49,937.0,529.0
49,935.0,472.0
49,954.0,420.0
49,977.0,423.0
49,942.0,325.0
49,974.0,307.0
49,916.0,313.0
49,942.0,212.0
49,895.0,484.0
49,915.0,515.0
50,1059.0,829.0
50,817.0,843.0
50,849.0,666.0
50,995.0,680.0
50,953.0,516.0
50,938.0,530.0
50,934.0,474.0
50,954.0,421.0
50,976.0,424.0
50,941.0,327.0
50,973.0,308.0
50,915.0,315.0
50,941.0,213.0
50,892.0,483.0
50,914.0,517.0
51,1059.0,829.0
51,817.0,843.0
51,849.0,666.0
51,995.0,680.0
51,953.0,516.0
51,938.0,530.0
51,934.0,474.0
51,954.0,421.0
51,976.0,424.0
51,941.0,327.0
51,973.0,308.0
51,915.0,315.0
51,941.0,213.0
51,892.0,483.0
51,914.0,517.0
52,1067.0,824.0
52,816.0,844.0
52,850.0,667.0
52,994.0,682.0
52,952.0,518.0
52,939.0,531.0
52,933.0,475.0
52,954.0,423.0
52,975.0,425.0
52,940.0,328.0
52,973.0,309.0
52,914.0,316.0
52,941.0,215.0
52,891.0,483.0
52,913.0,518.0
53,1067.0,824.0
53,816.0,844.0
53,850.0,667.0
53,994.0,682.0
53,952.0,518.0
53,939.0,531.0
53,933.0,475.0
53,954.0,423.0
53,975.0,425.0
53,940.0,328.0
53,973.0,309.0
53,914.0,316.0
53,941.0,215.0
53,891.0,483.0
53,913.0,518.0
54,1067.0,824.0
54,816.0,844.0
54,850.0,667.0
54,994.0,682.0
54,952.0,518.0
54,939.0,531.0
54,933.0,475.0
54,954.0,423.0
54,975.0,425.0
54,940.0,328.0
54,973.0,309.0
54,914.0,316.0
54,941.0,215.0
54,891.0,483.0
54,913.0,518.0
55,1074.0,819.0
55,818.0,845.0
55,851.0,669.0
55,992.0,684.0
55,951.0,519.0
55,939.0,533.0
55,932.0,476.0
55,953.0,424.0
55,974.0,426.0
55,939.0,329.0
55,972.0,310.0
55,913.0,317.0
55,940.0,216.0
55,891.0,484.0
55,911.0,519.0
56,1080.0,813.0
56,822.0,845.0
56,852.0,670.0
56,988.0,685.0
56,949.0,520.0
56,937.0,534.0
56,930.0,477.0
56,952.0,425.0
56,974.0,426.0
56,938.0,330.0
56,971.0,310.0
56,911.0,318.0
56,939.0,217.0
56,891.0,485.0
56,910.0,519.0
57,1080.0,813.0
57,822.0,845.0
57,852.0,670.0
57,988.0,685.0
57,949.0,520.0
57,937.0,534.0
57,930.0,477.0
57,952.0,425.0
57,974.0,426.0
57,938.0,330.0
57,971.0,310.0
57,911.0,318.0
57,939.0,217.0
57,891.0,485.0
57,910.0,519.0
58,1080.0,813.0
58,822.0,845.0
58,852.0,670.0
58,988.0,685.0
58,949.0,520.0
58,937.0,534.0
58,930.0,477.0
58,952.0,425.0
58,974.0,426.0
58,938.0,330.0
58,971.0,310.0
58,911.0,318.0
58,939.0,217.0
58,891.0,485.0
58,910.0,519.0
59,1084.0,807.0
59,828.0,845.0
59,853.0,671.0
59,982.0,686.0
59,948.0,521.0
59,935.0,535.0
59,929.0,477.0
59,950.0,425.0
59,974.0,426.0
59,937.0,330.0
59,970.0,310.0
59,910.0,318.0
59,938.0,217.0
59,893.0,486.0
59,908.0,519.0
60,1084.0,807.0
60,828.0,845.0
60,853.0,671.0
60,982.0,686.0
60,948.0,521.0
60,935.0,535.0
60,929.0,477.0
60,950.0,425.0
60,974.0,426.0
60,937.0,330.0
60,970.0,310.0
60,910.0,318.0
60,938.0,217.0
60,893.0,486.0
60,908.0,519.0
61,1084.0,807.0
61,828.0,845.0
61,853.0,671.0
61,982.0,686.0
61,948.0,521.0
61,935.0,535.0
61,929.0,477.0
61,950.0,425.0
61,974.0,426.0
61,937.0,330.0
61,970.0,310.0
61,910.0,318.0
61,938.0,217.0
61,893.0,486.0
61,908.0,519.0
62,1087.0,802.0
62,835.0,844.0
62,854.0,672.0
62,975.0,687.0
62,946.0,521.0
62,932.0,535.0
62,928.0,477.0
62,948.0,425.0
62,974.0,426.0
62,936.0,330.0
62,969.0,310.0
62,909.0,318.0
62,937.0,216.0
62,896.0,488.0
62,906.0,518.0
63,1087.0,802.0
63,835.0,844.0
63,854.0,672.0
63,975.0,687.0
63,946.0,521.0
63,932.0,535.0
63,928.0,477.0
63,948.0,425.0
63,974.0,426.0
63,936.0,330.0
63,969.0,310.0
63,909.0,318.0
63,937.0,216.0
63,896.0,488.0
63,906.0,518.0
64,1087.0,797.0
64,844.0,843.0
64,855.0,673.0
64,967.0,687.0
64,945.0,520.0
64,928.0,535.0
64,926.0,476.0
64,945.0,425.0
64,975.0,426.0
64,935.0,329.0
64,969.0,309.0
64,907.0,317.0
64,937.0,215.0
64,899.0,490.0
64,905.0,517.0
65,1087.0,797.0
65,844.0,843.0
65,855.0,673.0
65,967.0,687.0
65,945.0,520.0
65,928.0,535.0
65,926.0,476.0
65,945.0,425.0
65,975.0,426.0
65,935.0,329.0
65,969.0,309.0
65,907.0,317.0
65,937.0,215.0
65,899.0,490.0
65,905.0,517.0
66,1087.0,797.0
66,844.0,843.0
66,855.0,673.0
66,967.0,687.0
66,945.0,520.0
66,928.0,535.0
66,926.0,476.0
66,945.0,425.0
66,975.0,426.0
66,935.0,329.0
66,969.0,309.0
66,907.0,317.0
66,937.0,215.0
66,899.0,490.0
66,905.0,517.0
67,1086.0,792.0
67,854.0,842.0
67,857.0,673.0
67,959.0,686.0
67,944.0,519.0
67,923.0,535.0
67,925.0,475.0
67,942.0,425.0
67,977.0,425.0
67,934.0,328.0
67,969.0,307.0
67,906.0,316.0
67,936.0,214.0
67,903.0,492.0
67,904.0,516.0
68,1082.0,788.0
68,864.0,841.0
68,859.0,673.0
68,950.0,685.0
68,943.0,518.0
68,917.0,534.0
68,924.0,473.0
68,939.0,424.0
68,979.0,424.0
68,933.0,326.0
68,968.0,306.0
68,905.0,314.0
68,936.0,212.0
68,909.0,495.0
68,903.0,514.0
69,1082.0,788.0
69,864.0,841.0
69,859.0,673.0
69,950.0,685.0
69,943.0,518.0
69,917.0,534.0
69,924.0,473.0
69,939.0,424.0
69,979.0,424.0
69,933.0,326.0
69,968.0,306.0
69,905.0,314.0
69,936.0,212.0
69,909.0,495.0
69,903.0,514.0
70,1082.0,788.0
70,864.0,841.0
70,859.0,673.0
70,950.0,685.0
70,943.0,518.0
70,917.0,534.0
70,924.0,473.0
70,939.0,424.0
70,979.0,424.0
70,933.0,326.0
70,968.0,306.0
70,905.0,314.0
70,936.0,212.0
70,909.0,495.0
70,903.0,514.0
71,1082.0,788.0
71,864.0,841.0
71,859.0,673.0
71,950.0,685.0
71,943.0,518.0
71,917.0,534.0
71,924.0,473.0
71,939.0,424.0
71,979.0,424.0
71,933.0,326.0
71,968.0,306.0
71,905.0,314.0
71,936.0,212.0
71,909.0,495.0
71,903.0,514.0
72,1076.0,785.0
72,875.0,840.0
72,862.0,673.0
72,940.0,684.0
72,942.0,516.0
72,911.0,533.0
72,923.0,471.0
72,935.0,423.0
72,981.0,423.0
72,933.0,324.0
72,968.0,304.0
72,904.0,312.0
72,935.0,210.0
72,915.0,498.0
72,903.0,512.0
73,1067.0,783.0
73,886.0,839.0
73,866.0,673.0
73,931.0,682.0
73,942.0,515.0
73,903.0,532.0
73,923.0,469.0
73,931.0,422.0
73,983.0,421.0
73,932.0,322.0
73,968.0,302.0
73,903.0,310.0
73,935.0,208.0
73,922.0,500.0
73,903.0,510.0
74,1067.0,783.0
74,886.0,839.0
74,866.0,673.0
74,931.0,682.0
74,942.0,515.0
74,903.0,532.0
74,923.0,469.0
74,931.0,422.0
74,983.0,421.0
74,932.0,322.0
74,968.0,302.0
74,903.0,310.0
74,935.0,208.0
74,922.0,500.0
74,903.0,510.0
75,1067.0,783.0
75,886.0,839.0
75,866.0,673.0
75,931.0,682.0
75,942.0,515.0
75,903.0,532.0
75,923.0,469.0
75,931.0,422.0
75,983.0,421.0
75,932.0,322.0
75,968.0,302.0
75,903.0,310.0
75,935.0,208.0
75,922.0,500.0
75,903.0,510.0
76,1056.0,782.0
76,897.0,839.0
76,870.0,672.0
76,922.0,680.0
76,941.0,513.0
76,896.0,530.0
76,923.0,467.0
76,927.0,421.0
76,986.0,419.0
76,932.0,320.0
76,969.0,300.0
76,902.0,308.0
76,935.0,206.0
76,929.0,503.0
76,903.0,508.0
77,1056.0,782.0
77,897.0,839.0
77,870.0,672.0
77,922.0,680.0
77,941.0,513.0
77,896.0,530.0
77,923.0,467.0
77,927.0,421.0
77,986.0,419.0
77,932.0,320.0
77,969.0,300.0
77,902.0,308.0
77,935.0,206.0
77,929.0,503.0
77,903.0,508.0
78,1043.0,783.0
78,908.0,839.0
78,876.0,671.0
78,914.0,677.0
78,942.0,512.0
78,888.0,527.0
78,923.0,465.0
78,923.0,420.0
78,989.0,417.0
78,932.0,318.0
78,970.0,299.0
78,902.0,306.0
78,935.0,204.0
78,937.0,505.0
78,903.0,506.0
79,1043.0,783.0
79,908.0,839.0
79,876.0,671.0
79,914.0,677.0
79,942.0,512.0
79,888.0,527.0
79,923.0,465.0
79,923.0,420.0
79,989.0,417.0
79,932.0,318.0
79,970.0,299.0
79,902.0,306.0
79,935.0,204.0
79,937.0,505.0
79,903.0,506.0
80,1043.0,783.0
80,908.0,839.0
80,876.0,671.0
80,914.0,677.0
80,942.0,512.0
80,888.0,527.0
80,923.0,465.0
80,923.0,420.0
80,989.0,417.0
80,932.0,318.0
80,970.0,299.0
80,902.0,306.0
80,935.0,204.0
80,937.0,505.0
80,903.0,506.0
81,1028.0,784.0
81,919.0,839.0
81,882.0,670.0
81,906.0,674.0
81,943.0,509.0
81,880.0,524.0
81,924.0,463.0
81,919.0,419.0
81,992.0,416.0
81,932.0,316.0
81,970.0,298.0
81,902.0,304.0
81,935.0,202.0
81,943.0,508.0
81,904.0,504.0
82,1011.0,787.0
82,930.0,840.0
82,889.0,670.0
82,899.0,671.0
82,942.0,508.0
82,872.0,521.0
82,924.0,462.0
82,915.0,418.0
82,996.0,414.0
82,933.0,315.0
82,972.0,296.0
82,902.0,302.0
82,935.0,201.0
82,943.0,507.0
82,905.0,503.0
83,1011.0,787.0
83,930.0,840.0
83,889.0,670.0
83,899.0,671.0
83,942.0,508.0
83,872.0,521.0
83,924.0,462.0
83,915.0,418.0
83,996.0,414.0
83,933.0,315.0
83,972.0,296.0
83,902.0,302.0
83,935.0,201.0
83,943.0,507.0
83,905.0,503.0
84,1011.0,787.0
84,930.0,840.0
84,889.0,670.0
84,899.0,671.0
84,942.0,508.0
84,872.0,521.0
84,924.0,462.0
84,915.0,418.0
84,996.0,414.0
84,933.0,315.0
84,972.0,296.0
84,902.0,302.0
84,935.0,201.0
84,943.0,507.0
84,905.0,503.0
85,993.0,791.0
85,940.0,841.0
85,892.0,669.0
85,898.0,669.0
85,943.0,507.0
85,864.0,518.0
85,925.0,461.0
85,911.0,417.0
85,1000.0,413.0
85,933.0,314.0
85,973.0,295.0
85,902.0,301.0
85,936.0,200.0
85,944.0,506.0
85,906.0,502.0
86,993.0,791.0
86,940.0,841.0
86,892.0,669.0
86,898.0,669.0
86,943.0,507.0
86,864.0,518.0
86,925.0,461.0
86,911.0,417.0
86,1000.0,413.0
86,933.0,314.0
86,973.0,295.0
86,902.0,301.0
86,936.0,200.0
86,944.0,506.0
86,906.0,502.0
87,993.0,791.0
87,940.0,841.0
87,892.0,669.0
87,898.0,669.0
87,943.0,507.0
87,864.0,518.0
87,925.0,461.0
87,911.0,417.0
87,1000.0,413.0
87,933.0,314.0
87,973.0,295.0
87,902.0,301.0
87,936.0,200.0
87,944.0,506.0
87,906.0,502.0
88,975.0,795.0
88,950.0,842.0
88,887.0,666.0
88,887.0,666.0
88,944.0,506.0
88,856.0,515.0
88,926.0,461.0
88,908.0,416.0
88,1004.0,412.0
88,934.0,313.0
88,974.0,295.0
88,902.0,300.0
88,936.0,199.0
88,945.0,505.0
88,908.0,501.0
89,975.0,795.0
89,950.0,842.0
89,887.0,666.0
89,887.0,666.0
89,944.0,506.0
89,856.0,515.0
89,926.0,461.0
89,908.0,416.0
89,1004.0,412.0
89,934.0,313.0
89,974.0,295.0
89,902.0,300.0
89,936.0,199.0
89,945.0,505.0
89,908.0,501.0
90,956.0,800.0
90,960.0,843.0
90,882.0,664.0
90,883.0,664.0
90,945.0,506.0
90,848.0,511.0
90,927.0,460.0
90,904.0,416.0
90,1007.0,411.0
90,935.0,313.0
90,975.0,295.0
90,903.0,300.0
90,937.0,199.0
90,946.0,505.0
90,909.0,501.0
91,956.0,800.0
91,960.0,843.0
91,882.0,664.0
91,883.0,664.0
91,945.0,506.0
91,848.0,511.0
91,927.0,460.0
91,904.0,416.0
91,1007.0,411.0
91,935.0,313.0
91,975.0,295.0
91,903.0,300.0
91,937.0,199.0
91,946.0,505.0
91,909.0,501.0
92,956.0,800.0
92,960.0,843.0
92,882.0,664.0
92,883.0,664.0
92,945.0,506.0
92,848.0,511.0
92,927.0,460.0
92,904.0,416.0
92,1007.0,411.0
92,935.0,313.0
92,975.0,295.0
92,903.0,300.0
92,937.0,199.0
92,946.0,505.0
92,909.0,501.0
93,937.0,805.0
93,969.0,844.0
93,879.0,662.0
93,880.0,662.0
93,946.0,506.0
93,841.0,508.0
93,928.0,461.0
93,901.0,416.0
93,1011.0,411.0
93,936.0,313.0
93,976.0,296.0
93,903.0,300.0
93,937.0,199.0
93,947.0,505.0
93,911.0,501.0
94,937.0,805.0
94,969.0,844.0
94,879.0,662.0
94,880.0,662.0
94,946.0,506.0
94,841.0,508.0
94,928.0,461.0
94,901.0,416.0
94,1011.0,411.0
94,936.0,313.0
94,976.0,296.0
94,903.0,300.0
94,937.0,199.0
94,947.0,505.0
94,911.0,501.0
95,919.0,811.0
95,979.0,844.0
95,876.0,661.0
95,877.0,660.0
95,947.0,506.0
95,834.0,505.0
95,929.0,461.0
95,898.0,417.0
95,1015.0,411.0
95,936.0,314.0
95,977.0,297.0
95,903.0,301.0
95,938.0,200.0
95,947.0,505.0
95,912.0,502.0
96,918.0,811.0
96,979.0,844.0
96,876.0,661.0
96,877.0,660.0
96,947.0,506.0
96,834.0,505.0
96,929.0,461.0
96,898.0,417.0
96,1015.0,411.0
96,936.0,314.0
96,977.0,297.0
96,903.0,301.0
96,938.0,200.0
96,947.0,505.0
96,912.0,502.0
97,918.0,811.0
97,979.0,844.0
97,876.0,661.0
97,877.0,660.0
97,947.0,506.0
97,834.0,505.0
97,929.0,461.0
97,898.0,417.0
97,1015.0,411.0
97,936.0,314.0
97,977.0,297.0
97,903.0,301.0
97,938.0,200.0
97,947.0,505.0
97,912.0,502.0
98,901.0,816.0
98,989.0,844.0
98,874.0,660.0
98,875.0,659.0
98,947.0,507.0
98,827.0,502.0
98,930.0,462.0
98,895.0,418.0
98,1018.0,411.0
98,937.0,315.0
98,978.0,298.0
98,904.0,302.0
98,938.0,201.0
98,948.0,506.0
98,913.0,503.0
99,886.0,822.0
99,998.0,843.0
99,873.0,659.0
99,874.0,659.0
99,948.0,508.0
99,822.0,499.0
99,930.0,464.0
99,893.0,419.0
99,1021.0,412.0
99,937.0,317.0
99,979.0,300.0
99,904.0,303.0
99,939.0,203.0
99,948.0,507.0
99,914.0,505.0
100,885.0,822.0
100,998.0,843.0
100,873.0,659.0
100,874.0,659.0
100,948.0,508.0
100,822.0,499.0
100,930.0,464.0
100,893.0,419.0
100,1021.0,412.0
100,937.0,317.0
100,979.0,300.0
100,904.0,303.0
100,939.0,203.0
100,948.0,507.0
100,914.0,505.0
101,885.0,822.0
101,998.0,843.0
101,873.0,659.0
101,874.0,659.0
101,948.0,508.0
101,822.0,499.0
101,930.0,464.0
101,893.0,419.0
101,1021.0,412.0
101,937.0,317.0
101,979.0,300.0
101,904.0,303.0
101,939.0,203.0
101,948.0,507.0
101,914.0,505.0
102,871.0,827.0
102,1007.0,842.0
102,872.0,659.0
102,873.0,659.0
102,948.0,509.0
102,817.0,497.0
102,930.0,466.0
102,891.0,420.0
102,1023.0,413.0
102,938.0,319.0
102,979.0,302.0
102,904.0,305.0
102,939.0,205.0
102,948.0,508.0
102,915.0,507.0
103,871.0,827.0
103,1007.0,842.0
103,872.0,659.0
103,873.0,659.0
103,948.0,509.0
103,817.0,497.0
103,930.0,466.0
103,891.0,420.0
103,1023.0,413.0
103,938.0,319.0
103,979.0,302.0
103,904.0,305.0
103,939.0,205.0
103,948.0,508.0
103,915.0,507.0
104,859.0,832.0
104,1017.0,840.0
104,872.0,659.0
104,873.0,659.0
104,948.0,511.0
104,813.0,495.0
104,930.0,468.0
104,889.0,421.0
104,1025.0,414.0
104,938.0,321.0
104,980.0,304.0
104,904.0,306.0
104,940.0,207.0
104,948.0,510.0
104,916.0,509.0
105,859.0,832.0
105,1017.0,840.0
105,872.0,659.0
105,873.0,659.0
105,948.0,511.0
105,813.0,495.0
105,930.0,468.0
105,889.0,421.0
105,1025.0,414.0
105,938.0,321.0
105,980.0,304.0
105,904.0,306.0
105,940.0,207.0
105,948.0,510.0
105,916.0,509.0
106,859.0,832.0
106,1017.0,840.0
106,872.0,659.0
106,873.0,659.0
106,948.0,511.0
106,813.0,495.0
106,930.0,468.0
106,889.0,421.0
106,1025.0,414.0
106,938.0,321.0
106,980.0,304.0
106,904.0,306.0
106,940.0,207.0
106,948.0,510.0
106,916.0,509.0
107,850.0,836.0
107,1025.0,838.0
107,872.0,660.0
107,873.0,660.0
107,948.0,512.0
107,810.0,494.0
107,930.0,470.0
107,887.0,423.0
107,1027.0,415.0
107,938.0,323.0
107,980.0,307.0
107,904.0,308.0
107,940.0,209.0
107,948.0,511.0
107,916.0,511.0
108,843.0,839.0
108,1034.0,834.0
108,872.0,661.0
108,873.0,661.0
108,947.0,514.0
108,807.0,493.0
108,930.0,472.0
108,886.0,424.0
108,1029.0,417.0
108,938.0,325.0
108,980.0,309.0
108,904.0,310.0
108,940.0,211.0
108,947.0,513.0
108,916.0,513.0
109,843.0,839.0
109,1034.0,834.0
109,872.0,661.0
109,873.0,661.0
109,947.0,514.0
109,807.0,493.0
109,930.0,472.0
109,886.0,424.0
109,1029.0,417.0
109,938.0,325.0
109,980.0,309.0
109,904.0,310.0
109,940.0,211.0
109,947.0,513.0
109,916.0,513.0
110,843.0,839.0
110,1034.0,834.0
110,872.0,661.0
110,873.0,661.0
110,947.0,514.0
110,807.0,493.0
110,930.0,472.0
110,886.0,424.0
110,1029.0,417.0
110,938.0,325.0
110,980.0,309.0
110,904.0,310.0
110,940.0,211.0
110,947.0,513.0
110,916.0,513.0
111,838.0,841.0
111,1042.0,830.0
111,873.0,662.0
111,874.0,662.0
111,946.0,515.0
111,805.0,493.0
111,929.0,474.0
111,886.0,425.0
111,1030.0,418.0
111,938.0,327.0
111,980.0,311.0
111,904.0,311.0
111,940.0,213.0
111,946.0,514.0
111,916.0,515.0
112,838.0,841.0
112,1042.0,830.0
112,873.0,662.0
112,874.0,662.0
112,946.0,515.0
112,805.0,493.0
112,929.0,474.0
112,886.0,425.0
112,1030.0,418.0
112,938.0,327.0
112,980.0,311.0
112,904.0,311.0
112,940.0,213.0
112,946.0,514.0
112,916.0,515.0
113,836.0,843.0
113,1050.0,825.0
113,873.0,664.0
113,874.0,664.0
113,946.0,517.0
113,805.0,493.0
113,928.0,476.0
113,886.0,427.0
113,1030.0,419.0
113,937.0,328.0
113,979.0,313.0
113,904.0,313.0
113,940.0,214.0
113,946.0,516.0
113,915.0,517.0
114,836.0,843.0
114,1050.0,825.0
114,873.0,664.0
114,874.0,664.0
114,946.0,517.0
114,805.0,493.0
114,928.0,476.0
114,886.0,427.0
114,1030.0,419.0
114,937.0,328.0
114,979.0,313.0
114,904.0,313.0
114,940.0,214.0
114,946.0,516.0
114,915.0,517.0
115,836.0,843.0
115,1050.0,825.0
115,873.0,664.0
115,874.0,664.0
115,946.0,517.0
115,805.0,493.0
115,928.0,476.0
115,886.0,427.0
115,1030.0,419.0
115,937.0,328.0
115,979.0,313.0
115,904.0,313.0
115,940.0,214.0
115,946.0,516.0
115,915.0,517.0
116,836.0,844.0
116,1056.0,820.0
116,873.0,665.0
116,874.0,665.0
116,945.0,518.0
116,805.0,494.0
116,927.0,477.0
116,886.0,428.0
116,1030.0,420.0
116,937.0,329.0
116,979.0,314.0
116,904.0,314.0
116,940.0,215.0
116,945.0,517.0
116,915.0,519.0
117,836.0,844.0
117,1056.0,820.0
117,873.0,665.0
117,874.0,665.0
117,945.0,518.0
117,805.0,494.0
117,927.0,477.0
117,886.0,428.0
117,1030.0,420.0
117,937.0,329.0
117,979.0,314.0
117,904.0,314.0
117,940.0,215.0
117,945.0,517.0
117,915.0,519.0
118,836.0,844.0
118,1056.0,820.0
118,873.0,665.0
118,874.0,665.0
118,945.0,518.0
118,805.0,494.0
118,927.0,477.0
118,886.0,428.0
118,1030.0,420.0
118,937.0,329.0
118,979.0,314.0
118,904.0,314.0
118,940.0,215.0
118,945.0,517.0
118,915.0,519.0
119,839.0,844.0
119,1061.0,814.0
119,874.0,667.0
119,875.0,667.0
119,944.0,518.0
119,806.0,495.0
119,926.0,477.0
119,887.0,429.0
119,1030.0,421.0
119,936.0,330.0
119,978.0,315.0
119,903.0,314.0
119,940.0,216.0
119,944.0,517.0
119,914.0,520.0
120,843.0,844.0
120,1065.0,809.0
120,875.0,668.0
120,876.0,668.0
120,943.0,518.0
120,808.0,497.0
120,925.0,477.0
120,888.0,429.0
120,1029.0,422.0
120,936.0,330.0
120,977.0,315.0
120,903.0,314.0
120,940.0,216.0
120,943.0,517.0
120,913.0,520.0
121,843.0,844.0
121,1065.0,809.0
121,875.0,668.0
121,876.0,668.0
121,943.0,518.0
121,808.0,497.0
121,925.0,477.0
121,888.0,429.0
121,1029.0,422.0
121,936.0,330.0
121,977.0,315.0
121,903.0,314.0
121,940.0,216.0
121,943.0,517.0
121,913.0,520.0
122,843.0,844.0
122,1065.0,809.0
122,875.0,668.0
122,876.0,668.0
122,943.0,518.0
122,808.0,497.0
122,925.0,477.0
122,888.0,429.0
122,1029.0,422.0
122,936.0,330.0
122,977.0,315.0
122,903.0,314.0
122,940.0,216.0
122,943.0,517.0
122,913.0,520.0
123,843.0,844.0
123,1065.0,809.0
123,875.0,668.0
123,876.0,668.0
123,943.0,518.0
123,808.0,497.0
123,925.0,477.0
123,888.0,429.0
123,1029.0,422.0
123,936.0,330.0
123,977.0,315.0
123,903.0,314.0
123,940.0,216.0
123,943.0,517.0
123,913.0,520.0
124,850.0,843.0
124,1067.0,803.0
124,876.0,669.0
124,877.0,669.0
124,942.0,518.0
124,811.0,499.0
124,924.0,477.0
124,889.0,429.0
124,1027.0,422.0
124,935.0,330.0
124,976.0,315.0
124,903.0,314.0
124,940.0,216.0
124,942.0,517.0
124,912.0,520.0
125,858.0,842.0
125,1067.0,798.0
125,877.0,670.0
125,878.0,670.0
125,941.0,517.0
125,815.0,501.0
125,923.0,476.0
125,891.0,428.0
125,1026.0,422.0
125,935.0,329.0
125,976.0,314.0
125,903.0,313.0
125,940.0,215.0
125,941.0,516.0
125,911.0,520.0
126,858.0,842.0
126,1067.0,798.0
126,877.0,670.0
126,878.0,670.0
126,941.0,517.0
126,815.0,501.0
126,923.0,476.0
126,891.0,428.0
126,1026.0,422.0
126,935.0,329.0
126,976.0,314.0
126,903.0,313.0
126,940.0,215.0
126,941.0,516.0
126,911.0,520.0
127,858.0,842.0
127,1067.0,798.0
127,877.0,670.0
127,878.0,670.0
127,941.0,517.0
127,815.0,501.0
127,923.0,476.0
127,891.0,428.0
127,1026.0,422.0
127,935.0,329.0
127,976.0,314.0
127,903.0,313.0
127,940.0,215.0
127,941.0,516.0
127,911.0,520.0
128,867.0,841.0
128,1065.0,794.0
128,879.0,671.0
128,880.0,671.0
128,941.0,516.0
128,819.0,503.0
128,923.0,475.0
128,893.0,427.0
128,1024.0,422.0
128,935.0,328.0
128,975.0,313.0
128,903.0,312.0
128,940.0,214.0
128,941.0,515.0
128,910.0,519.0
129,877.0,840.0
129,1061.0,789.0
129,882.0,671.0
129,882.0,671.0
129,940.0,514.0
129,824.0,505.0
129,923.0,473.0
129,896.0,426.0
129,1022.0,421.0
129,935.0,326.0
129,974.0,311.0
129,903.0,310.0
129,940.0,212.0
129,940.0,513.0
129,910.0,518.0
130,877.0,840.0
130,1061.0,789.0
130,882.0,671.0
130,882.0,671.0
130,940.0,514.0
130,824.0,505.0
130,923.0,473.0
130,896.0,426.0
130,1022.0,421.0
130,935.0,326.0
130,974.0,311.0
130,903.0,310.0
130,940.0,212.0
130,940.0,513.0
130,910.0,518.0
131,877.0,840.0
131,1061.0,789.0
131,882.0,671.0
131,882.0,671.0
131,940.0,514.0
131,824.0,505.0
131,923.0,473.0
131,896.0,426.0
131,1022.0,421.0
131,935.0,326.0
131,974.0,311.0
131,903.0,310.0
131,940.0,212.0
131,940.0,513.0
131,910.0,518.0
132,877.0,840.0
132,1061.0,789.0
132,882.0,671.0
132,882.0,671.0
132,940.0,514.0
132,824.0,505.0
132,923.0,473.0
132,896.0,426.0
132,1022.0,421.0
132,935.0,326.0
132,974.0,311.0
132,903.0,310.0
132,940.0,212.0
132,940.0,513.0
132,910.0,518.0
133,888.0,839.0
133,1054.0,786.0
133,885.0,671.0
133,885.0,671.0
133,940.0,512.0
133,830.0,507.0
133,923.0,472.0
133,899.0,425.0
133,1019.0,421.0
133,935.0,324.0
133,974.0,309.0
133,904.0,308.0
133,940.0,210.0
133,940.0,511.0
133,910.0,517.0
134,899.0,838.0
134,1045.0,784.0
134,888.0,670.0
134,889.0,670.0
134,940.0,510.0
134,837.0,509.0
134,923.0,469.0
134,902.0,423.0
134,1017.0,420.0
134,935.0,322.0
134,974.0,307.0
134,904.0,306.0
134,940.0,208.0
134,940.0,509.0
134,910.0,515.0
135,899.0,838.0
135,1045.0,784.0
135,888.0,670.0
135,889.0,670.0
135,940.0,510.0
135,837.0,509.0
135,923.0,469.0
135,902.0,423.0
135,1017.0,420.0
135,935.0,322.0
135,974.0,307.0
135,904.0,306.0
135,940.0,208.0
135,940.0,509.0
135,910.0,515.0
136,899.0,838.0
136,1045.0,784.0
136,888.0,670.0
136,889.0,670.0
136,940.0,510.0
136,837.0,509.0
136,923.0,469.0
136,902.0,423.0
136,1017.0,420.0
136,935.0,322.0
136,974.0,307.0
136,904.0,306.0
136,940.0,208.0
136,940.0,509.0
136,910.0,515.0
137,910.0,838.0
137,1034.0,783.0
137,893.0,669.0
137,894.0,669.0
137,941.0,508.0
137,843.0,511.0
137,924.0,467.0
137,906.0,421.0
137,1014.0,419.0
137,935.0,320.0
137,974.0,305.0
137,905.0,304.0
137,940.0,206.0
137,941.0,507.0
137,910.0,513.0
138,910.0,838.0
138,1034.0,783.0
138,893.0,669.0
138,894.0,669.0
138,941.0,508.0
138,843.0,511.0
138,924.0,467.0
138,906.0,421.0
138,1014.0,419.0
138,935.0,320.0
138,974.0,305.0
138,905.0,304.0
138,940.0,206.0
138,941.0,507.0
138,910.0,513.0
139,921.0,838.0
139,1021.0,783.0
139,898.0,669.0
139,899.0,669.0
139,942.0,506.0
139,851.0,512.0
139,924.0,465.0
139,910.0,419.0
139,1011.0,418.0
139,936.0,318.0
139,974.0,303.0
139,906.0,302.0
139,940.0,204.0
139,942.0,505.0
139,910.0,511.0
140,921.0,838.0
140,1021.0,783.0
140,898.0,669.0
140,899.0,669.0
140,942.0,506.0
140,851.0,512.0
140,924.0,465.0
140,910.0,419.0
140,1011.0,418.0
140,936.0,318.0
140,974.0,303.0
140,906.0,302.0
140,940.0,204.0
140,942.0,505.0
140,910.0,511.0
141,921.0,838.0
141,1021.0,783.0
141,898.0,669.0
141,899.0,669.0
141,942.0,506.0
141,851.0,512.0
141,924.0,465.0
141,910.0,419.0
141,1011.0,418.0
141,936.0,318.0
141,974.0,303.0
141,906.0,302.0
141,940.0,204.0
141,942.0,505.0
141,910.0,511.0
142,932.0,838.0
142,1006.0,785.0
142,904.0,668.0
142,905.0,668.0
142,943.0,504.0
142,858.0,514.0
142,925.0,463.0
142,914.0,418.0
142,1008.0,417.0
142,937.0,316.0
142,974.0,301.0
142,907.0,301.0
142,941.0,202.0
142,943.0,503.0
142,911.0,509.0
143,932.0,838.0
143,1006.0,785.0
143,904.0,668.0
143,905.0,668.0
143,943.0,504.0
143,858.0,514.0
143,925.0,463.0
143,914.0,418.0
143,1008.0,417.0
143,937.0,316.0
143,974.0,301.0
143,907.0,301.0
143,941.0,202.0
143,943.0,503.0
143,911.0,509.0
144,932.0,838.0
144,1006.0,785.0
144,904.0,668.0
144,905.0,668.0
144,943.0,504.0
144,858.0,514.0
144,925.0,463.0
144,914.0,418.0
144,1008.0,417.0
144,937.0,316.0
144,974.0,301.0
144,907.0,301.0
144,941.0,202.0
144,943.0,503.0
144,911.0,509.0
145,942.0,839.0
145,990.0,787.0
145,911.0,667.0
145,912.0,667.0
145,945.0,503.0
145,866.0,515.0
145,927.0,462.0
145,918.0,416.0
145,1005.0,416.0
145,938.0,315.0
145,974.0,299.0
145,908.0,300.0
145,941.0,201.0
145,945.0,502.0
145,911.0,508.0
146,952.0,840.0
146,972.0,791.0
146,919.0,666.0
146,920.0,666.0
146,946.0,502.0
146,874.0,516.0
146,928.0,460.0
146,922.0,415.0
146,1002.0,415.0
146,939.0,314.0
146,974.0,298.0
146,910.0,299.0
146,941.0,200.0
146,946.0,501.0
146,912.0,507.0
147,952.0,840.0
147,972.0,791.0
147,919.0,666.0
147,920.0,666.0
147,946.0,502.0
147,874.0,516.0
147,928.0,460.0
147,922.0,415.0
147,1002.0,415.0
147,939.0,314.0
147,974.0,298.0
147,910.0,299.0
147,941.0,200.0
147,946.0,501.0
147,912.0,507.0
148,952.0,840.0
148,972.0,791.0
148,919.0,666.0
148,920.0,666.0
148,946.0,502.0
148,874.0,516.0
148,928.0,460.0
148,922.0,415.0
148,1002.0,415.0
148,939.0,314.0
148,974.0,298.0
148,910.0,299.0
148,941.0,200.0
148,946.0,501.0
148,912.0,507.0
149,962.0,841.0
149,954.0,795.0
149,928.0,666.0
149,929.0,666.0
149,947.0,501.0
149,882.0,517.0
149,929.0,460.0
149,926.0,414.0
149,999.0,415.0
149,940.0,313.0
149,974.0,297.0
149,911.0,298.0
149,942.0,199.0
149,947.0,500.0
149,913.0,506.0
150,962.0,841.0
150,953.0,795.0
150,928.0,666.0
150,929.0,666.0
150,947.0,501.0
150,882.0,517.0
150,929.0,460.0
150,926.0,414.0
150,999.0,415.0
150,940.0,313.0
150,974.0,297.0
150,911.0,298.0
150,942.0,199.0
150,947.0,500.0
150,913.0,506.0
151,972.0,842.0
151,935.0,800.0
151,936.0,666.0
151,937.0,666.0
151,949.0,500.0
151,890.0,518.0
151,930.0,460.0
151,930.0,413.0
151,996.0,415.0
151,941.0,313.0
151,975.0,297.0
151,913.0,298.0
151,942.0,199.0
151,949.0,499.0
151,914.0,505.0
152,972.0,842.0
152,934.0,800.0
152,936.0,666.0
152,937.0,666.0
152,949.0,500.0
152,890.0,518.0
152,930.0,460.0
152,930.0,413.0
152,996.0,415.0
152,941.0,313.0
152,975.0,297.0
152,913.0,298.0
152,942.0,199.0
152,949.0,499.0
152,914.0,505.0
153,972.0,842.0
153,934.0,800.0
153,936.0,666.0
153,937.0,666.0
153,949.0,500.0
153,890.0,518.0
153,930.0,460.0
153,930.0,413.0
153,996.0,415.0
153,941.0,313.0
153,975.0,297.0
153,913.0,298.0
153,942.0,199.0
153,949.0,499.0
153,914.0,505.0
154,981.0,843.0
154,915.0,805.0
154,945.0,666.0
154,946.0,666.0
154,951.0,501.0
154,898.0,519.0
154,931.0,460.0
154,934.0,413.0
154,993.0,415.0
154,942.0,313.0
154,975.0,297.0
154,914.0,299.0
154,942.0,199.0
154,951.0,500.0
154,915.0,505.0
155,991.0,843.0
155,897.0,811.0
155,954.0,666.0
155,955.0,666.0
155,952.0,502.0
155,905.0,520.0
155,933.0,461.0
155,938.0,413.0
155,991.0,415.0
155,942.0,314.0
155,975.0,297.0
155,915.0,299.0
155,943.0,200.0
155,952.0,501.0
155,916.0,506.0
156,991.0,843.0
156,897.0,811.0
156,954.0,666.0
156,955.0,666.0
156,952.0,502.0
156,905.0,520.0
156,933.0,461.0
156,938.0,413.0
156,991.0,415.0
156,942.0,314.0
156,975.0,297.0
156,915.0,299.0
156,943.0,200.0
156,952.0,501.0
156,916.0,506.0
157,991.0,843.0
157,897.0,811.0
157,954.0,666.0
157,955.0,666.0
157,952.0,502.0
157,905.0,520.0
157,933.0,461.0
157,938.0,413.0
157,991.0,415.0
157,942.0,314.0
157,975.0,297.0
157,915.0,299.0
157,943.0,200.0
157,952.0,501.0
157,916.0,506.0
158,1000.0,843.0
158,880.0,817.0
158,962.0,667.0
158,963.0,667.0
158,953.0,503.0
158,912.0,521.0
158,934.0,462.0
158,942.0,414.0
158,988.0,416.0
158,943.0,315.0
158,975.0,298.0
158,916.0,301.0
158,943.0,201.0
158,953.0,502.0
158,916.0,507.0
159,1000.0,843.0
159,880.0,817.0
159,962.0,667.0
159,963.0,667.0
159,953.0,503.0
159,912.0,521.0
159,934.0,462.0
159,942.0,414.0
159,988.0,416.0
159,943.0,315.0
159,975.0,298.0
159,916.0,301.0
159,943.0,201.0
159,953.0,502.0
159,916.0,507.0
160,1010.0,843.0
160,865.0,822.0
160,971.0,668.0
160,972.0,668.0
160,954.0,505.0
160,918.0,522.0
160,934.0,464.0
160,945.0,415.0
160,986.0,417.0
160,943.0,317.0
160,975.0,299.0
160,916.0,302.0
160,943.0,203.0
160,954.0,504.0
160,917.0,508.0
161,1010.0,843.0
161,864.0,822.0
161,971.0,668.0
161,972.0,668.0
161,954.0,505.0
161,918.0,522.0
161,934.0,464.0
161,945.0,415.0
161,986.0,417.0
161,943.0,317.0
161,975.0,299.0
161,916.0,302.0
161,943.0,203.0
161,954.0,504.0
161,917.0,508.0
162,1010.0,843.0
162,864.0,822.0
162,971.0,668.0
162,972.0,668.0
162,954.0,505.0
162,918.0,522.0
162,934.0,464.0
162,945.0,415.0
162,986.0,417.0
162,943.0,317.0
162,975.0,299.0
162,916.0,302.0
162,943.0,203.0
162,954.0,504.0
162,917.0,508.0
163,1019.0,842.0
163,851.0,827.0
163,978.0,669.0
163,979.0,669.0
163,955.0,507.0
163,924.0,523.0
163,934.0,465.0
163,947.0,416.0
163,983.0,418.0
163,943.0,319.0
163,975.0,301.0
163,917.0,304.0
163,943.0,205.0
163,955.0,506.0
163,917.0,509.0
164,1019.0,842.0
164,851.0,827.0
164,978.0,669.0
164,979.0,669.0
164,955.0,507.0
164,924.0,523.0
164,934.0,465.0
164,947.0,416.0
164,983.0,418.0
164,943.0,319.0
164,975.0,301.0
164,917.0,304.0
164,943.0,205.0
164,955.0,506.0
164,917.0,509.0
165,1028.0,840.0
165,839.0,832.0
165,984.0,671.0
165,985.0,671.0
165,955.0,509.0
165,928.0,524.0
165,934.0,467.0
165,950.0,417.0
165,981.0,419.0
165,943.0,321.0
165,975.0,302.0
165,917.0,307.0
165,943.0,207.0
165,955.0,508.0
165,917.0,511.0
166,1028.0,840.0
166,839.0,832.0
166,984.0,671.0
166,985.0,671.0
166,955.0,509.0
166,928.0,524.0
166,934.0,467.0
166,950.0,417.0
166,981.0,419.0
166,943.0,321.0
166,975.0,302.0
166,917.0,307.0
166,943.0,207.0
166,955.0,508.0
166,917.0,511.0
167,1038.0,838.0
167,830.0,836.0
167,989.0,673.0
167,990.0,673.0
167,955.0,511.0
167,933.0,525.0
167,934.0,469.0
167,951.0,419.0
167,979.0,421.0
167,943.0,323.0
167,974.0,304.0
167,917.0,309.0
167,943.0,209.0
167,955.0,510.0
167,916.0,512.0
168,1038.0,838.0
168,830.0,836.0
168,989.0,673.0
168,990.0,673.0
168,955.0,511.0
168,933.0,525.0
168,934.0,469.0
168,951.0,419.0
168,979.0,421.0
168,943.0,323.0
168,974.0,304.0
168,917.0,309.0
168,943.0,209.0
168,955.0,510.0
168,916.0,512.0
169,1038.0,838.0
169,830.0,836.0
169,989.0,673.0
169,990.0,673.0
169,955.0,511.0
169,933.0,525.0
169,934.0,469.0
169,951.0,419.0
169,979.0,421.0
169,943.0,323.0
169,974.0,304.0
169,917.0,309.0
169,943.0,209.0
169,955.0,510.0
169,916.0,512.0
170,1038.0,838.0
170,830.0,836.0
170,989.0,673.0
170,990.0,673.0
170,955.0,511.0
170,933.0,525.0
170,934.0,469.0
170,951.0,419.0
170,979.0,421.0
170,943.0,323.0
170,974.0,304.0
170,917.0,309.0
170,943.0,209.0
170,955.0,510.0
170,916.0,512.0
171,1047.0,835.0
171,823.0,840.0
171,992.0,675.0
171,993.0,675.0
171,955.0,513.0
171,936.0,527.0
171,934.0,471.0
171,952.0,420.0
171,978.0,422.0
171,942.0,325.0
171,974.0,306.0
171,917.0,311.0
171,942.0,211.0
171,955.0,512.0
171,916.0,514.0
172,1056.0,831.0
172,819.0,842.0
172,994.0,677.0
172,995.0,677.0
172,954.0,516.0
172,938.0,528.0
172,933.0,473.0
172,953.0,422.0
172,976.0,423.0
172,942.0,327.0
172,973.0,307.0
172,916.0,313.0
172,942.0,213.0
172,954.0,515.0
172,915.0,515.0
173,1056.0,831.0
173,819.0,842.0
173,994.0,677.0
173,995.0,677.0
173,954.0,516.0
173,938.0,528.0
173,933.0,473.0
173,953.0,422.0
173,976.0,423.0
173,942.0,327.0
173,973.0,307.0
173,916.0,313.0
173,942.0,213.0
173,954.0,515.0
173,915.0,515.0
174,1056.0,831.0
174,819.0,842.0
174,994.0,677.0
174,995.0,677.0
174,954.0,516.0
174,938.0,528.0
174,933.0,473.0
174,953.0,422.0
174,976.0,423.0
174,942.0,327.0
174,973.0,307.0
174,916.0,313.0
174,942.0,213.0
174,954.0,515.0
174,915.0,515.0
175,1064.0,826.0
175,817.0,844.0
175,994.0,679.0
175,995.0,679.0
175,953.0,518.0
175,939.0,530.0
175,932.0,475.0
175,953.0,423.0
175,975.0,424.0
175,941.0,329.0
175,972.0,309.0
175,915.0,315.0
175,941.0,215.0
175,953.0,517.0
175,914.0,517.0
176,1064.0,826.0
176,817.0,844.0
176,994.0,679.0
176,995.0,679.0
176,953.0,518.0
176,939.0,530.0
176,932.0,475.0
176,953.0,423.0
176,975.0,424.0
176,941.0,329.0
176,972.0,309.0
176,915.0,315.0
176,941.0,215.0
176,953.0,517.0
176,914.0,517.0
177,1071.0,821.0
177,817.0,845.0
177,992.0,681.0
177,993.0,681.0
177,952.0,519.0
177,939.0,531.0
177,931.0,476.0
177,953.0,425.0
177,974.0,425.0
177,940.0,330.0
177,971.0,310.0
177,914.0,316.0
177,941.0,216.0
177,952.0,518.0
177,912.0,518.0
178,1071.0,821.0
178,817.0,845.0
178,992.0,681.0
178,993.0,681.0
178,952.0,519.0
178,939.0,531.0
178,931.0,476.0
178,953.0,425.0
178,974.0,425.0
178,940.0,330.0
178,971.0,310.0
178,914.0,316.0
178,941.0,216.0
178,952.0,518.0
178,912.0,518.0
179,1071.0,821.0
179,817.0,845.0
179,992.0,681.0
179,993.0,681.0
179,952.0,519.0
179,939.0,531.0
179,931.0,476.0
179,953.0,425.0
179,974.0,425.0
179,940.0,330.0
179,971.0,310.0
179,914.0,316.0
179,941.0,216.0
179,952.0,518.0
179,912.0,518.0
180,1078.0,815.0
180,820.0,845.0
180,989.0,683.0
180,990.0,683.0
180,950.0,520.0
180,938.0,532.0
180,929.0,477.0
180,952.0,426.0
180,974.0,426.0
180,939.0,331.0
180,970.0,311.0
180,913.0,317.0
180,940.0,217.0
180,950.0,519.0
180,911.0,518.0
181,1083.0,810.0
181,825.0,845.0
181,984.0,684.0
181,985.0,684.0
181,949.0,521.0
181,936.0,533.0
181,928.0,477.0
181,950.0,427.0
181,974.0,426.0
181,938.0,331.0
181,969.0,311.0
181,911.0,318.0
181,939.0,217.0
181,949.0,520.0
181,909.0,518.0
182,1083.0,810.0
182,825.0,845.0
182,984.0,684.0
182,985.0,684.0
182,949.0,521.0
182,936.0,533.0
182,928.0,477.0
182,950.0,427.0
182,974.0,426.0
182,938.0,331.0
182,969.0,311.0
182,911.0,318.0
182,939.0,217.0
182,949.0,520.0
182,909.0,518.0
183,1083.0,810.0
183,825.0,845.0
183,984.0,684.0
183,985.0,684.0
183,949.0,521.0
183,936.0,533.0
183,928.0,477.0
183,950.0,427.0
183,974.0,426.0
183,938.0,331.0
183,969.0,311.0
183,911.0,318.0
183,939.0,217.0
183,949.0,520.0
183,909.0,518.0
184,1086.0,805.0
184,831.0,844.0
184,978.0,685.0
184,979.0,685.0
184,947.0,521.0
184,934.0,534.0
184,926.0,477.0
184,948.0,427.0
184,974.0,426.0
184,937.0,331.0
184,968.0,311.0
184,910.0,318.0
184,938.0,217.0
184,947.0,520.0
184,907.0,518.0
185,1086.0,805.0
185,831.0,844.0
185,978.0,685.0
185,979.0,685.0
185,947.0,521.0
185,934.0,534.0
185,926.0,477.0
185,948.0,427.0
185,974.0,426.0
185,937.0,331.0
185,968.0,311.0
185,910.0,318.0
185,938.0,217.0
185,947.0,520.0
185,907.0,518.0
186,1088.0,799.0
186,839.0,843.0
186,971.0,685.0
186,972.0,685.0
186,946.0,521.0
186,930.0,534.0
186,925.0,476.0
186,946.0,427.0
186,975.0,426.0
186,936.0,330.0
186,968.0,310.0
186,908.0,317.0
186,937.0,216.0
186,946.0,520.0
186,906.0,517.0
187,1088.0,799.0
187,839.0,843.0
187,971.0,685.0
187,972.0,685.0
187,946.0,521.0
187,930.0,534.0
187,925.0,476.0
187,946.0,427.0
187,975.0,426.0
187,936.0,330.0
187,968.0,310.0
187,908.0,317.0
187,937.0,216.0
187,946.0,520.0
187,906.0,517.0
188,1088.0,799.0
188,839.0,843.0
188,971.0,685.0
188,972.0,685.0
188,946.0,521.0
188,930.0,534.0
188,925.0,476.0
188,946.0,427.0
188,975.0,426.0
188,936.0,330.0
188,968.0,310.0
188,908.0,317.0
188,937.0,216.0
188,946.0,520.0
188,906.0,517.0
189,1088.0,794.0
189,848.0,842.0
189,963.0,685.0
189,964.0,685.0
189,945.0,520.0
189,925.0,534.0
189,924.0,475.0
189,943.0,427.0
189,976.0,425.0
189,935.0,329.0
189,967.0,309.0
189,907.0,316.0
189,936.0,215.0
189,945.0,519.0
189,905.0,516.0
190,1088.0,794.0
190,848.0,842.0
190,963.0,685.0
190,964.0,685.0
190,945.0,520.0
190,925.0,534.0
190,924.0,475.0
190,943.0,427.0
190,976.0,425.0
190,935.0,329.0
190,967.0,309.0
190,907.0,316.0
190,936.0,215.0
190,945.0,519.0
190,905.0,516.0
191,1085.0,790.0
191,858.0,841.0
191,954.0,684.0
191,955.0,684.0
191,944.0,519.0
191,920.0,534.0
191,923.0,474.0
191,940.0,426.0
191,978.0,424.0
191,934.0,327.0
191,967.0,308.0
191,906.0,315.0
191,936.0,213.0
191,944.0,518.0
191,904.0,514.0
192,1085.0,790.0
192,858.0,841.0
192,954.0,684.0
192,955.0,684.0
192,944.0,519.0
192,920.0,534.0
192,923.0,474.0
192,940.0,426.0
192,978.0,424.0
192,934.0,327.0
192,967.0,308.0
192,906.0,315.0
192,936.0,213.0
192,944.0,518.0
192,904.0,514.0
193,1080.0,786.0
193,869.0,840.0
193,945.0,683.0
193,946.0,683.0
193,943.0,518.0
193,914.0,533.0
193,922.0,472.0
193,936.0,425.0
193,980.0,423.0
193,934.0,326.0
193,967.0,306.0
193,905.0,313.0
193,935.0,212.0
193,943.0,517.0
193,903.0,512.0
194,1080.0,786.0
194,869.0,840.0
194,945.0,683.0
194,946.0,683.0
194,943.0,518.0
194,914.0,533.0
194,922.0,472.0
194,936.0,425.0
194,980.0,423.0
194,934.0,326.0
194,967.0,306.0
194,905.0,313.0
194,935.0,212.0
194,943.0,517.0
194,903.0,512.0
195,1080.0,786.0
195,869.0,840.0
195,945.0,683.0
195,946.0,683.0
195,943.0,518.0
195,914.0,533.0
195,922.0,472.0
195,936.0,425.0
195,980.0,423.0
195,934.0,326.0
195,967.0,306.0
195,905.0,313.0
195,935.0,212.0
195,943.0,517.0
195,903.0,512.0
196,1080.0,786.0
196,869.0,840.0
196,945.0,683.0
196,946.0,683.0
196,943.0,518.0
196,914.0,533.0
196,922.0,472.0
196,936.0,425.0
196,980.0,423.0
196,934.0,326.0
196,967.0,306.0
196,905.0,313.0
196,935.0,212.0
196,943.0,517.0
196,903.0,512.0
197,1073.0,784.0
197,880.0,839.0
197,935.0,681.0
197,936.0,681.0
197,942.0,516.0
197,907.0,532.0
197,922.0,470.0
197,932.0,424.0
197,982.0,421.0
197,933.0,324.0
197,967.0,304.0
197,904.0,311.0
197,935.0,210.0
197,942.0,515.0
197,903.0,510.0
198,1063.0,782.0
198,891.0,839.0
198,926.0,679.0
198,927.0,679.0
198,942.0,514.0
198,900.0,530.0
198,922.0,468.0
198,929.0,423.0
198,985.0,420.0
198,933.0,322.0
198,967.0,302.0
198,903.0,309.0
198,935.0,208.0
198,942.0,513.0
198,903.0,508.0
199,1063.0,782.0
199,891.0,839.0
199,926.0,679.0
199,927.0,679.0
199,942.0,514.0
199,900.0,530.0
199,922.0,468.0
199,929.0,423.0
199,985.0,420.0
199,933.0,322.0
199,967.0,302.0
199,903.0,309.0
199,935.0,208.0
199,942.0,513.0
199,903.0,508.0
200,1051.0,782.0
200,902.0,839.0
200,917.0,677.0
200,918.0,677.0
200,942.0,513.0
200,892.0,528.0
200,922.0,466.0
200,925.0,422.0
200,988.0,418.0
200,933.0,320.0
200,968.0,300.0
200,903.0,307.0
200,935.0,206.0
200,942.0,512.0
200,903.0,506.0
201,1051.0,782.0
201,902.0,839.0
201,917.0,677.0
201,918.0,677.0
201,942.0,513.0
201,892.0,528.0
201,922.0,466.0
201,925.0,422.0
201,988.0,418.0
201,933.0,320.0
201,968.0,300.0
201,903.0,307.0
201,935.0,206.0
201,942.0,512.0
201,903.0,506.0
202,1037.0,783.0
202,913.0,839.0
202,909.0,674.0
202,910.0,674.0
202,942.0,510.0
202,884.0,525.0
202,922.0,464.0
202,921.0,421.0
202,991.0,416.0
202,933.0,318.0
202,969.0,299.0
202,902.0,305.0
202,935.0,204.0
202,942.0,509.0
202,904.0,504.0
203,1037.0,783.0
203,913.0,839.0
203,909.0,674.0
203,910.0,674.0
203,942.0,510.0
203,884.0,525.0
203,922.0,464.0
203,921.0,421.0
203,991.0,416.0
203,933.0,318.0
203,969.0,299.0
203,902.0,305.0
203,935.0,204.0
203,942.0,509.0
203,904.0,504.0
204,1037.0,783.0
204,913.0,839.0
204,909.0,674.0
204,910.0,674.0
204,942.0,510.0
204,884.0,525.0
204,922.0,464.0
204,921.0,421.0
204,991.0,416.0
204,933.0,318.0
204,969.0,299.0
204,902.0,305.0
204,935.0,204.0
204,942.0,509.0
204,904.0,504.0
205,1037.0,783.0
205,913.0,839.0
205,909.0,674.0
205,910.0,674.0
205,942.0,510.0
205,884.0,525.0
205,922.0,464.0
205,921.0,421.0
205,991.0,416.0
205,933.0,318.0
205,969.0,299.0
205,902.0,305.0
205,935.0,204.0
205,942.0,509.0
205,904.0,504.0
206,1021.0,785.0
206,924.0,839.0
206,901.0,671.0
206,902.0,671.0
206,943.0,510.0
206,876.0,522.0
206,923.0,462.0
206,917.0,420.0
206,995.0,415.0
206,933.0,316.0
206,970.0,297.0
206,902.0,303.0
206,935.0,202.0
206,943.0,509.0
206,905.0,502.0
207,1004.0,788.0
207,934.0,840.0
207,894.0,668.0
207,895.0,668.0
207,943.0,508.0
207,868.0,519.0
207,924.0,461.0
207,913.0,419.0
207,998.0,413.0
207,934.0,315.0
207,971.0,296.0
207,902.0,301.0
207,935.0,201.0
207,943.0,507.0
207,906.0,501.0
208,1004.0,788.0
208,934.0,840.0
208,894.0,668.0
208,895.0,668.0
208,943.0,508.0
208,868.0,519.0
208,924.0,461.0
208,913.0,419.0
208,998.0,413.0
208,934.0,315.0
208,971.0,296.0
208,902.0,301.0
208,935.0,201.0
208,943.0,507.0
208,906.0,501.0
209,1004.0,788.0
209,934.0,840.0
209,894.0,668.0
209,895.0,668.0
209,943.0,508.0
209,868.0,519.0
209,924.0,461.0
209,913.0,419.0
209,998.0,413.0
209,934.0,315.0
209,971.0,296.0
209,902.0,301.0
209,935.0,201.0
209,943.0,507.0
209,906.0,501.0
210,986.0,792.0
210,944.0,841.0
210,888.0,666.0
210,902.0,667.0
210,944.0,507.0
210,860.0,516.0
210,925.0,460.0
210,909.0,418.0
210,1002.0,412.0
210,935.0,314.0
210,972.0,295.0
210,902.0,300.0
210,936.0,200.0
210,944.0,506.0
210,908.0,500.0
211,985.0,792.0
211,944.0,841.0
211,888.0,666.0
211,902.0,667.0
211,944.0,507.0
211,860.0,516.0
211,925.0,460.0
211,909.0,418.0
211,1002.0,412.0
211,935.0,314.0
211,972.0,295.0
211,902.0,300.0
211,936.0,200.0
211,944.0,506.0
211,908.0,500.0
212,967.0,797.0
212,954.0,842.0
212,884.0,663.0
212,910.0,667.0
212,945.0,506.0
212,852.0,512.0
212,926.0,460.0
212,906.0,418.0
212,1006.0,411.0
212,936.0,314.0
212,973.0,295.0
212,902.0,300.0
212,936.0,199.0
212,945.0,505.0
212,909.0,500.0
213,966.0,797.0
213,954.0,842.0
213,884.0,663.0
213,910.0,667.0
213,945.0,506.0
213,852.0,512.0
213,926.0,460.0
213,906.0,418.0
213,1006.0,411.0
213,936.0,314.0
213,973.0,295.0
213,902.0,300.0
213,936.0,199.0
213,945.0,505.0
213,909.0,500.0
214,966.0,797.0
214,954.0,842.0
214,884.0,663.0
214,910.0,667.0
214,945.0,506.0
214,852.0,512.0
214,926.0,460.0
214,906.0,418.0
214,1006.0,411.0
214,936.0,314.0
214,973.0,295.0
214,902.0,300.0
214,936.0,199.0
214,945.0,505.0
214,909.0,500.0
215,947.0,802.0
215,964.0,843.0
215,880.0,661.0
215,919.0,667.0
215,946.0,506.0
215,844.0,509.0
215,927.0,460.0
215,902.0,418.0
215,1009.0,411.0
215,937.0,314.0
215,974.0,295.0
215,903.0,299.0
215,937.0,199.0
215,946.0,505.0
215,911.0,500.0
216,947.0,802.0
216,964.0,843.0
216,880.0,661.0
216,919.0,667.0
216,946.0,506.0
216,844.0,509.0
216,927.0,460.0
216,902.0,418.0
216,1009.0,411.0
216,937.0,314.0
216,974.0,295.0
216,903.0,299.0
216,937.0,199.0
216,946.0,505.0
216,911.0,500.0
217,929.0,808.0
217,973.0,844.0
217,877.0,660.0
217,928.0,667.0
217,946.0,506.0
217,837.0,506.0
217,928.0,460.0
217,899.0,418.0
217,1013.0,411.0
217,937.0,314.0
217,975.0,296.0
217,903.0,300.0
217,937.0,200.0
217,946.0,505.0
217,912.0,501.0
218,929.0,808.0
218,973.0,844.0
218,877.0,660.0
218,928.0,667.0
218,946.0,506.0
218,837.0,506.0
218,928.0,460.0
218,899.0,418.0
218,1013.0,411.0
218,937.0,314.0
218,975.0,296.0
218,903.0,300.0
218,937.0,200.0
218,946.0,505.0
218,912.0,501.0
219,911.0,813.0
219,983.0,844.0
219,875.0,658.0
219,937.0,668.0
219,947.0,507.0
219,830.0,503.0
219,929.0,461.0
219,896.0,419.0
219,1016.0,411.0
219,938.0,315.0
219,976.0,298.0
219,903.0,301.0
219,938.0,201.0
219,947.0,506.0
219,914.0,502.0
220,911.0,813.0
220,983.0,844.0
220,875.0,658.0
220,937.0,668.0
220,947.0,507.0
220,830.0,503.0
220,929.0,461.0
220,896.0,419.0
220,1016.0,411.0
220,938.0,315.0
220,976.0,298.0
220,903.0,301.0
220,938.0,201.0
220,947.0,506.0
220,914.0,502.0
221,911.0,813.0
221,983.0,844.0
221,875.0,658.0
221,937.0,668.0
221,947.0,507.0
221,830.0,503.0
221,929.0,461.0
221,896.0,419.0
221,1016.0,411.0
221,938.0,315.0
221,976.0,298.0
221,903.0,301.0
221,938.0,201.0
221,947.0,506.0
221,914.0,502.0
222,911.0,813.0
222,983.0,844.0
222,875.0,658.0
222,937.0,668.0
222,947.0,507.0
222,830.0,503.0
222,929.0,461.0
222,896.0,419.0
222,1016.0,411.0
222,938.0,315.0
222,976.0,298.0
222,903.0,301.0
222,938.0,201.0
222,947.0,506.0
222,914.0,502.0
223,894.0,819.0
223,992.0,844.0
223,874.0,657.0
223,945.0,669.0
223,948.0,508.0
223,824.0,500.0
223,930.0,463.0
223,894.0,420.0
223,1019.0,411.0
223,939.0,317.0
223,977.0,299.0
223,904.0,302.0
223,938.0,202.0
223,948.0,507.0
223,915.0,504.0
224,879.0,824.0
224,1002.0,843.0
224,873.0,657.0
224,952.0,671.0
224,948.0,509.0
224,819.0,498.0
224,930.0,464.0
224,891.0,421.0
224,1022.0,412.0
224,939.0,318.0
224,978.0,301.0
224,904.0,304.0
224,939.0,204.0
224,948.0,508.0
224,916.0,505.0
225,879.0,824.0
225,1002.0,843.0
225,873.0,657.0
225,952.0,671.0
225,948.0,509.0
225,819.0,498.0
225,930.0,464.0
225,891.0,421.0
225,1022.0,412.0
225,939.0,318.0
225,978.0,301.0
225,904.0,304.0
225,939.0,204.0
225,948.0,508.0
225,916.0,505.0
226,866.0,829.0
226,1011.0,841.0
226,872.0,657.0
226,959.0,672.0
226,948.0,511.0
226,814.0,496.0
226,930.0,466.0
226,889.0,422.0
226,1024.0,413.0
226,939.0,320.0
226,978.0,303.0
226,904.0,305.0
226,939.0,206.0
226,948.0,510.0
226,917.0,507.0
227,866.0,829.0
227,1011.0,841.0
227,872.0,657.0
227,959.0,672.0
227,948.0,511.0
227,814.0,496.0
227,930.0,466.0
227,889.0,422.0
227,1024.0,413.0
227,939.0,320.0
227,978.0,303.0
227,904.0,305.0
227,939.0,206.0
227,948.0,510.0
227,917.0,507.0
228,855.0,833.0
228,1020.0,839.0
228,872.0,658.0
228,964.0,674.0
228,948.0,512.0
228,810.0,495.0
228,930.0,468.0
228,887.0,424.0
228,1026.0,414.0
228,939.0,322.0
228,979.0,306.0
228,904.0,307.0
228,940.0,208.0
228,948.0,511.0
228,917.0,510.0
229,855.0,833.0
229,1020.0,839.0
229,872.0,658.0
229,964.0,674.0
229,948.0,512.0
229,810.0,495.0
229,930.0,468.0
229,887.0,424.0
229,1026.0,414.0
229,939.0,322.0
229,979.0,306.0
229,904.0,307.0
229,940.0,208.0
229,948.0,511.0
229,917.0,510.0
230,855.0,833.0
230,1020.0,839.0
230,872.0,658.0
230,964.0,674.0
230,948.0,512.0
230,810.0,495.0
230,930.0,468.0
230,887.0,424.0
230,1026.0,414.0
230,939.0,322.0
230,979.0,306.0
230,904.0,307.0
230,940.0,208.0
230,948.0,511.0
230,917.0,510.0
231,855.0,833.0
231,1020.0,839.0
231,872.0,658.0
231,964.0,674.0
231,948.0,512.0
231,810.0,495.0
231,930.0,468.0
231,887.0,424.0
231,1026.0,414.0
231,939.0,322.0
231,979.0,306.0
231,904.0,307.0
231,940.0,208.0
231,948.0,511.0
231,917.0,510.0
232,847.0,837.0
232,1029.0,836.0
232,872.0,659.0
232,967.0,676.0
232,948.0,514.0
232,807.0,494.0
232,930.0,470.0
232,886.0,425.0
232,1028.0,415.0
232,939.0,324.0
232,979.0,308.0
232,904.0,309.0
232,940.0,210.0
232,948.0,513.0
232,917.0,512.0
233,841.0,840.0
233,1037.0,832.0
233,872.0,660.0
233,969.0,678.0
233,947.0,515.0
233,805.0,494.0
233,929.0,472.0
233,885.0,427.0
233,1029.0,417.0
233,939.0,326.0
233,979.0,310.0
233,904.0,311.0
233,940.0,212.0
233,947.0,514.0
233,917.0,514.0
234,841.0,840.0
234,1037.0,832.0
234,872.0,660.0
234,969.0,678.0
234,947.0,515.0
234,805.0,494.0
234,929.0,472.0
234,885.0,427.0
234,1029.0,417.0
234,939.0,326.0
234,979.0,310.0
234,904.0,311.0
234,940.0,212.0
234,947.0,514.0
234,917.0,514.0
235,841.0,840.0
235,1037.0,832.0
235,872.0,660.0
235,969.0,678.0
235,947.0,515.0
235,805.0,494.0
235,929.0,472.0
235,885.0,427.0
235,1029.0,417.0
235,939.0,326.0
235,979.0,310.0
235,904.0,311.0
235,940.0,212.0
235,947.0,514.0
235,917.0,514.0
236,838.0,842.0
236,1045.0,827.0
236,873.0,662.0
236,969.0,680.0
236,946.0,516.0
236,804.0,494.0
236,928.0,474.0
236,885.0,428.0
236,1030.0,418.0
236,939.0,328.0
236,979.0,312.0
236,904.0,312.0
236,940.0,213.0
236,946.0,515.0
236,917.0,516.0
237,838.0,842.0
237,1045.0,827.0
237,873.0,662.0
237,969.0,680.0
237,946.0,516.0
237,804.0,494.0
237,928.0,474.0
237,885.0,428.0
237,1030.0,418.0
237,939.0,328.0
237,979.0,312.0
237,904.0,312.0
237,940.0,213.0
237,946.0,515.0
237,917.0,516.0
238,837.0,843.0
238,1052.0,822.0
238,873.0,663.0
238,967.0,682.0
238,945.0,517.0
238,804.0,495.0
238,927.0,475.0
238,885.0,429.0
238,1030.0,419.0
238,938.0,329.0
238,978.0,314.0
238,904.0,313.0
238,940.0,215.0
238,945.0,516.0
238,916.0,518.0
239,837.0,843.0
239,1052.0,822.0
239,873.0,663.0
239,967.0,682.0
239,945.0,517.0
239,804.0,495.0
239,927.0,475.0
239,885.0,429.0
239,1030.0,419.0
239,938.0,329.0
239,978.0,314.0
239,904.0,313.0
239,940.0,215.0
239,945.0,516.0
239,916.0,518.0
240,837.0,843.0
240,1052.0,822.0
240,873.0,663.0
240,967.0,682.0
240,945.0,517.0
240,804.0,495.0
240,927.0,475.0
240,885.0,429.0
240,1030.0,419.0
240,938.0,329.0
240,978.0,314.0
240,904.0,313.0
240,940.0,215.0
240,945.0,516.0
240,916.0,518.0
241,838.0,844.0
241,1058.0,817.0
241,874.0,664.0
241,964.0,684.0
241,944.0,518.0
241,805.0,496.0
241,926.0,476.0
241,885.0,430.0
241,1030.0,420.0
241,937.0,330.0
241,978.0,315.0
241,904.0,314.0
241,940.0,216.0
241,944.0,517.0
241,915.0,519.0
242,838.0,844.0
242,1058.0,817.0
242,874.0,664.0
242,964.0,684.0
242,944.0,518.0
242,805.0,496.0
242,926.0,476.0
242,885.0,430.0
242,1030.0,420.0
242,937.0,330.0
242,978.0,315.0
242,904.0,314.0
242,940.0,216.0
242,944.0,517.0
242,915.0,519.0
243,842.0,844.0
243,1063.0,811.0
243,875.0,666.0
243,959.0,685.0
243,943.0,518.0
243,807.0,497.0
243,925.0,476.0
243,886.0,430.0
243,1029.0,421.0
243,937.0,330.0
243,977.0,316.0
243,903.0,314.0
243,940.0,216.0
243,943.0,517.0
243,914.0,520.0
244,842.0,844.0
244,1063.0,811.0
244,875.0,666.0
244,959.0,685.0
244,943.0,518.0
244,807.0,497.0
244,925.0,476.0
244,886.0,430.0
244,1029.0,421.0
244,937.0,330.0
244,977.0,316.0
244,903.0,314.0
244,940.0,216.0
244,943.0,517.0
244,914.0,520.0
245,848.0,843.0
245,1065.0,806.0
245,876.0,667.0
245,952.0,686.0
245,942.0,518.0
245,809.0,499.0
245,924.0,476.0
245,887.0,430.0
245,1028.0,421.0
245,936.0,330.0
245,976.0,316.0
245,903.0,314.0
245,940.0,216.0
245,942.0,517.0
245,913.0,520.0
246,848.0,843.0
246,1065.0,806.0
246,876.0,667.0
246,952.0,686.0
246,942.0,518.0
246,809.0,499.0
246,924.0,476.0
246,887.0,430.0
246,1028.0,421.0
246,936.0,330.0
246,976.0,316.0
246,903.0,314.0
246,940.0,216.0
246,942.0,517.0
246,913.0,520.0
247,855.0,842.0
247,1066.0,800.0
247,877.0,668.0
247,945.0,686.0
247,941.0,517.0
247,812.0,501.0
247,923.0,476.0
247,889.0,430.0
247,1026.0,422.0
247,936.0,330.0
247,975.0,316.0
247,903.0,314.0
247,940.0,215.0
247,941.0,516.0
247,912.0,520.0
248,855.0,842.0
248,1066.0,800.0
248,877.0,668.0
248,945.0,686.0
248,941.0,517.0
248,812.0,501.0
248,923.0,476.0
248,889.0,430.0
248,1026.0,422.0
248,936.0,330.0
248,975.0,316.0
248,903.0,314.0
248,940.0,215.0
248,941.0,516.0
248,912.0,520.0
249,855.0,842.0
249,1066.0,800.0
249,877.0,668.0
249,945.0,686.0
249,941.0,517.0
249,812.0,501.0
249,923.0,476.0
249,889.0,430.0
249,1026.0,422.0
249,936.0,330.0
249,975.0,316.0
249,903.0,314.0
249,940.0,215.0
249,941.0,516.0
249,912.0,520.0
250,863.0,841.0
250,1066.0,795.0
250,879.0,669.0
250,936.0,686.0
250,940.0,516.0
250,816.0,503.0
250,923.0,475.0
250,891.0,429.0
250,1024.0,422.0
250,936.0,329.0
250,975.0,315.0
250,903.0,313.0
250,940.0,214.0
250,940.0,515.0
250,911.0,520.0
251,863.0,841.0
251,1066.0,795.0
251,879.0,669.0
251,936.0,686.0
251,940.0,516.0
251,816.0,503.0
251,923.0,475.0
251,891.0,429.0
251,1024.0,422.0
251,936.0,329.0
251,975.0,315.0
251,903.0,313.0
251,940.0,214.0
251,940.0,515.0
251,911.0,520.0
252,873.0,840.0
252,1063.0,791.0
252,881.0,669.0
252,927.0,685.0
252,940.0,515.0
252,822.0,505.0
252,922.0,474.0
252,894.0,428.0
252,1022.0,421.0
252,936.0,328.0
252,974.0,313.0
252,903.0,311.0
252,940.0,213.0
252,940.0,514.0
252,911.0,519.0
253,873.0,840.0
253,1063.0,791.0
253,881.0,669.0
253,927.0,685.0
253,940.0,515.0
253,822.0,505.0
253,922.0,474.0
253,894.0,428.0
253,1022.0,421.0
253,936.0,328.0
253,974.0,313.0
253,903.0,311.0
253,940.0,213.0
253,940.0,514.0
253,911.0,519.0
254,883.0,839.0
254,1057.0,787.0
254,884.0,669.0
254,917.0,684.0
254,940.0,513.0
254,827.0,507.0
254,922.0,472.0
254,897.0,427.0
254,1020.0,421.0
254,936.0,326.0
254,973.0,311.0
254,903.0,310.0
254,940.0,211.0
254,940.0,512.0
254,910.0,517.0
255,883.0,839.0
255,1057.0,787.0
255,884.0,669.0
255,917.0,684.0
255,940.0,513.0
255,827.0,507.0
255,922.0,472.0
255,897.0,427.0
255,1020.0,421.0
255,936.0,326.0
255,973.0,311.0
255,903.0,310.0
255,940.0,211.0
255,940.0,512.0
255,910.0,517.0
256,894.0,838.0
256,1049.0,785.0
256,887.0,669.0
256,907.0,682.0
256,940.0,511.0
256,833.0,509.0
256,922.0,470.0
256,900.0,425.0
256,1017.0,420.0
256,936.0,324.0
256,973.0,310.0
256,904.0,308.0
256,940.0,209.0
256,940.0,510.0
256,910.0,515.0
257,894.0,838.0
257,1049.0,785.0
257,887.0,669.0
257,907.0,682.0
257,940.0,511.0
257,833.0,509.0
257,922.0,470.0
257,900.0,425.0
257,1017.0,420.0
257,936.0,324.0
257,973.0,310.0
257,904.0,308.0
257,940.0,209.0
257,940.0,510.0
257,910.0,515.0
258,894.0,838.0
258,1049.0,785.0
258,887.0,669.0
258,907.0,682.0
258,940.0,511.0
258,833.0,509.0
258,922.0,470.0
258,900.0,425.0
258,1017.0,420.0
258,936.0,324.0
258,973.0,310.0
258,904.0,308.0
258,940.0,209.0
258,940.0,510.0
258,910.0,515.0
259,905.0,837.0
259,1039.0,783.0
259,891.0,668.0
259,897.0,681.0
259,940.0,509.0
259,840.0,511.0
259,923.0,468.0
259,903.0,423.0
259,1015.0,419.0
259,936.0,322.0
259,973.0,308.0
259,905.0,306.0
259,940.0,207.0
259,940.0,508.0
259,910.0,514.0
260,905.0,837.0
260,1039.0,783.0
260,891.0,668.0
260,897.0,681.0
260,940.0,509.0
260,840.0,511.0
260,923.0,468.0
260,903.0,423.0
260,1015.0,419.0
260,936.0,322.0
260,973.0,308.0
260,905.0,306.0
260,940.0,207.0
260,940.0,508.0
260,910.0,514.0
261,905.0,837.0
261,1039.0,783.0
261,891.0,668.0
261,897.0,681.0
261,940.0,509.0
261,840.0,511.0
261,923.0,468.0
261,903.0,423.0
261,1015.0,419.0
261,936.0,322.0
261,973.0,308.0
261,905.0,306.0
261,940.0,207.0
261,940.0,508.0
261,910.0,514.0
262,916.0,837.0
262,1027.0,783.0
262,896.0,667.0
262,887.0,678.0
262,941.0,507.0
262,847.0,513.0
262,923.0,466.0
262,907.0,421.0
262,1012.0,418.0
262,936.0,320.0
262,973.0,306.0
262,906.0,304.0
262,940.0,205.0
262,941.0,506.0
262,910.0,512.0
263,916.0,837.0
263,1027.0,783.0
263,896.0,667.0
263,887.0,678.0
263,941.0,507.0
263,847.0,513.0
263,923.0,466.0
263,907.0,421.0
263,1012.0,418.0
263,936.0,320.0
263,973.0,306.0
263,906.0,304.0
263,940.0,205.0
263,941.0,506.0
263,910.0,512.0
264,927.0,837.0
264,1013.0,783.0
264,902.0,667.0
264,879.0,675.0
264,942.0,505.0
264,855.0,514.0
264,924.0,464.0
264,911.0,419.0
264,1009.0,417.0
264,937.0,318.0
264,973.0,303.0
264,907.0,302.0
264,941.0,203.0
264,942.0,504.0
264,911.0,510.0
265,937.0,837.0
265,997.0,785.0
265,909.0,666.0
265,871.0,672.0
265,943.0,503.0
265,862.0,516.0
265,925.0,462.0
265,915.0,417.0
265,1006.0,416.0
265,938.0,316.0
265,973.0,301.0
265,908.0,301.0
265,941.0,201.0
265,943.0,502.0
265,911.0,509.0
266,937.0,837.0
266,997.0,785.0
266,909.0,666.0
266,871.0,672.0
266,943.0,503.0
266,862.0,516.0
266,925.0,462.0
266,915.0,417.0
266,1006.0,416.0
266,938.0,316.0
266,973.0,301.0
266,908.0,301.0
266,941.0,201.0
266,943.0,502.0
266,911.0,509.0
267,937.0,837.0
267,997.0,785.0
267,909.0,666.0
267,871.0,672.0
267,943.0,503.0
267,862.0,516.0
267,925.0,462.0
267,915.0,417.0
267,1006.0,416.0
267,938.0,316.0
267,973.0,301.0
267,908.0,301.0
267,941.0,201.0
267,943.0,502.0
267,911.0,509.0
268,937.0,837.0
268,997.0,785.0
268,909.0,666.0
268,871.0,672.0
268,943.0,503.0
268,862.0,516.0
268,925.0,462.0
268,915.0,417.0
268,1006.0,416.0
268,938.0,316.0
268,973.0,301.0
268,908.0,301.0
268,941.0,201.0
268,943.0,502.0
268,911.0,509.0
269,947.0,838.0
269,980.0,788.0
269,916.0,665.0
269,864.0,670.0
269,945.0,502.0
269,870.0,517.0
269,926.0,461.0
269,919.0,416.0
269,1003.0,415.0
269,939.0,315.0
269,973.0,300.0
269,910.0,300.0
269,941.0,200.0
269,945.0,501.0
269,912.0,507.0
270,947.0,838.0
270,980.0,788.0
270,916.0,665.0
270,864.0,670.0
270,945.0,502.0
270,870.0,517.0
270,926.0,461.0
270,919.0,416.0
270,1003.0,415.0
270,939.0,315.0
270,973.0,300.0
270,910.0,300.0
270,941.0,200.0
270,945.0,501.0
270,912.0,507.0
271,957.0,839.0
271,962.0,792.0
271,924.0,664.0
271,858.0,667.0
271,946.0,501.0
271,878.0,518.0
271,928.0,460.0
271,924.0,415.0
271,1000.0,415.0
271,940.0,314.0
271,973.0,299.0
271,911.0,299.0
271,942.0,199.0
271,946.0,500.0
271,913.0,506.0
272,957.0,839.0
272,962.0,792.0
272,924.0,664.0
272,858.0,667.0
272,946.0,501.0
272,878.0,518.0
272,928.0,460.0
272,924.0,415.0
272,1000.0,415.0
272,940.0,314.0
272,973.0,299.0
272,911.0,299.0
272,942.0,199.0
272,946.0,500.0
272,913.0,506.0
273,967.0,840.0
273,943.0,796.0
273,933.0,664.0
273,854.0,664.0
273,948.0,500.0
273,886.0,519.0
273,929.0,459.0
273,928.0,414.0
273,997.0,415.0
273,941.0,314.0
273,974.0,298.0
273,912.0,298.0
273,942.0,198.0
273,948.0,499.0
273,914.0,505.0
274,967.0,840.0
274,943.0,796.0
274,933.0,664.0
274,854.0,664.0
274,948.0,500.0
274,886.0,519.0
274,929.0,459.0
274,928.0,414.0
274,997.0,415.0
274,941.0,314.0
274,974.0,298.0
274,912.0,298.0
274,942.0,198.0
274,948.0,499.0
274,914.0,505.0
275,977.0,841.0
275,924.0,801.0
275,942.0,664.0
275,850.0,662.0
275,950.0,500.0
275,894.0,520.0
275,930.0,459.0
275,932.0,413.0
275,994.0,415.0
275,942.0,314.0
275,974.0,298.0
275,913.0,298.0
275,942.0,198.0
275,950.0,499.0
275,915.0,505.0
276,977.0,841.0
276,924.0,801.0
276,942.0,664.0
276,850.0,662.0
276,950.0,500.0
276,894.0,520.0
276,930.0,459.0
276,932.0,413.0
276,994.0,415.0
276,942.0,314.0
276,974.0,298.0
276,913.0,298.0
276,942.0,198.0
276,950.0,499.0
276,915.0,505.0
277,977.0,841.0
277,924.0,801.0
277,942.0,664.0
277,850.0,662.0
277,950.0,500.0
277,894.0,520.0
277,930.0,459.0
277,932.0,413.0
277,994.0,415.0
277,942.0,314.0
277,974.0,298.0
277,913.0,298.0
277,942.0,198.0
277,950.0,499.0
277,915.0,505.0
278,986.0,842.0
278,906.0,807.0
278,951.0,664.0
278,848.0,660.0
278,951.0,501.0
278,901.0,521.0
278,931.0,460.0
278,936.0,413.0
278,991.0,415.0
278,943.0,314.0
278,974.0,298.0
278,914.0,299.0
278,943.0,199.0
278,951.0,500.0
278,916.0,505.0
279,986.0,842.0
279,905.0,807.0
279,951.0,664.0
279,848.0,660.0
279,951.0,501.0
279,901.0,521.0
279,931.0,460.0
279,936.0,413.0
279,991.0,415.0
279,943.0,314.0
279,974.0,298.0
279,914.0,299.0
279,943.0,199.0
279,951.0,500.0
279,916.0,505.0
280,995.0,842.0
280,888.0,813.0
280,960.0,665.0
280,846.0,659.0
280,952.0,502.0
280,908.0,522.0
280,932.0,461.0
280,940.0,413.0
280,989.0,415.0
280,943.0,315.0
280,974.0,299.0
280,915.0,300.0
280,943.0,200.0
280,952.0,501.0
280,916.0,506.0
281,995.0,842.0
281,887.0,813.0
281,960.0,665.0
281,846.0,659.0
281,952.0,502.0
281,908.0,522.0
281,932.0,461.0
281,940.0,413.0
281,989.0,415.0
281,943.0,315.0
281,974.0,299.0
281,915.0,300.0
281,943.0,200.0
281,952.0,501.0
281,916.0,506.0
282,1005.0,842.0
282,871.0,818.0
282,968.0,666.0
282,845.0,658.0
282,953.0,503.0
282,915.0,523.0
282,933.0,462.0
282,943.0,414.0
282,986.0,416.0
282,944.0,316.0
282,974.0,300.0
282,916.0,302.0
282,943.0,201.0
282,953.0,502.0
282,917.0,507.0
283,1005.0,842.0
283,871.0,818.0
283,968.0,666.0
283,845.0,658.0
283,953.0,503.0
283,915.0,523.0
283,933.0,462.0
283,943.0,414.0
283,986.0,416.0
283,944.0,316.0
283,974.0,300.0
283,916.0,302.0
283,943.0,201.0
283,953.0,502.0
283,917.0,507.0
284,1005.0,842.0
284,871.0,818.0
284,968.0,666.0
284,845.0,658.0
284,953.0,503.0
284,915.0,523.0
284,933.0,462.0
284,943.0,414.0
284,986.0,416.0
284,944.0,316.0
284,974.0,300.0
284,916.0,302.0
284,943.0,201.0
284,953.0,502.0
284,917.0,507.0
285,1014.0,842.0
285,856.0,824.0
285,975.0,667.0
285,845.0,658.0
285,954.0,505.0
285,921.0,524.0
285,933.0,464.0
285,946.0,415.0
285,984.0,417.0
285,944.0,318.0
285,974.0,301.0
285,916.0,304.0
285,943.0,203.0
285,954.0,504.0
285,917.0,508.0
286,1014.0,842.0
286,856.0,824.0
286,975.0,667.0
286,845.0,658.0
286,954.0,505.0
286,921.0,524.0
286,933.0,464.0
286,946.0,415.0
286,984.0,417.0
286,944.0,318.0
286,974.0,301.0
286,916.0,304.0
286,943.0,203.0
286,954.0,504.0
286,917.0,508.0
287,1014.0,842.0
287,856.0,824.0
287,975.0,667.0
287,845.0,658.0
287,954.0,505.0
287,921.0,524.0
287,933.0,464.0
287,946.0,415.0
287,984.0,417.0
287,944.0,318.0
287,974.0,301.0
287,916.0,304.0
287,943.0,203.0
287,954.0,504.0
287,917.0,508.0
288,1023.0,841.0
288,844.0,829.0
288,982.0,669.0
288,845.0,658.0
288,955.0,507.0
288,926.0,525.0
288,933.0,466.0
288,949.0,416.0
288,982.0,418.0
288,944.0,320.0
288,974.0,303.0
288,916.0,306.0
288,943.0,205.0
288,955.0,506.0
288,917.0,510.0
289,1023.0,841.0
289,844.0,829.0
289,982.0,669.0
289,845.0,658.0
289,955.0,507.0
289,926.0,525.0
289,933.0,466.0
289,949.0,416.0
289,982.0,418.0
289,944.0,320.0
289,974.0,303.0
289,916.0,306.0
289,943.0,205.0
289,955.0,506.0
289,917.0,510.0
290,1033.0,839.0
290,833.0,833.0
290,987.0,671.0
290,846.0,658.0
290,955.0,509.0
290,930.0,526.0
290,933.0,468.0
290,951.0,418.0
290,980.0,420.0
290,944.0,322.0
290,974.0,304.0
290,916.0,308.0
290,943.0,207.0
290,955.0,508.0
290,917.0,511.0
291,1042.0,836.0
291,825.0,837.0
291,991.0,673.0
291,847.0,659.0
291,955.0,511.0
291,934.0,528.0
291,933.0,470.0
291,952.0,419.0
291,978.0,421.0
291,943.0,324.0
291,973.0,306.0
291,916.0,311.0
291,943.0,209.0
291,955.0,510.0
291,916.0,513.0
292,1042.0,836.0
292,825.0,837.0
292,991.0,673.0
292,847.0,659.0
292,955.0,511.0
292,934.0,528.0
292,933.0,470.0
292,952.0,419.0
292,978.0,421.0
292,943.0,324.0
292,973.0,306.0
292,916.0,311.0
292,943.0,209.0
292,955.0,510.0
292,916.0,513.0
293,1042.0,836.0
293,825.0,837.0
293,991.0,673.0
293,847.0,659.0
293,955.0,511.0
293,934.0,528.0
293,933.0,470.0
293,952.0,419.0
293,978.0,421.0
293,943.0,324.0
293,973.0,306.0
293,916.0,311.0
293,943.0,209.0
293,955.0,510.0
293,916.0,513.0
294,1051.0,832.0
294,819.0,840.0
294,994.0,675.0
294,848.0,660.0
294,954.0,513.0
294,937.0,529.0
294,932.0,472.0
294,953.0,421.0
294,977.0,422.0
294,943.0,326.0
294,973.0,308.0
294,915.0,313.0
294,942.0,211.0
294,954.0,512.0
294,915.0,514.0
295,1051.0,832.0
295,819.0,840.0
295,994.0,675.0
295,848.0,660.0
295,954.0,513.0
295,937.0,529.0
295,932.0,472.0
295,953.0,421.0
295,977.0,422.0
295,943.0,326.0
295,973.0,308.0
295,915.0,313.0
295,942.0,211.0
295,954.0,512.0
295,915.0,514.0
296,1051.0,832.0
296,819.0,840.0
296,994.0,675.0
296,848.0,660.0
296,954.0,513.0
296,937.0,529.0
296,932.0,472.0
296,953.0,421.0
296,977.0,422.0
296,943.0,326.0
296,973.0,308.0
296,915.0,313.0
296,942.0,211.0
296,954.0,512.0
296,915.0,514.0
297,1060.0,828.0
297,816.0,842.0
297,995.0,677.0
297,849.0,662.0
297,953.0,515.0
297,938.0,530.0
297,931.0,474.0
297,953.0,422.0
297,976.0,424.0
297,942.0,328.0
297,972.0,309.0
297,915.0,315.0
297,941.0,213.0
297,953.0,514.0
297,914.0,515.0
298,1060.0,828.0
298,816.0,842.0
298,995.0,677.0
298,849.0,662.0
298,953.0,515.0
298,938.0,530.0
298,931.0,474.0
298,953.0,422.0
298,976.0,424.0
298,942.0,328.0
298,972.0,309.0
298,915.0,315.0
298,941.0,213.0
298,953.0,514.0
298,914.0,515.0
299,1068.0,823.0
299,815.0,844.0
299,994.0,679.0
299,850.0,663.0
299,952.0,517.0
299,939.0,532.0
299,930.0,475.0
299,953.0,423.0
299,975.0,425.0
299,941.0,329.0
299,971.0,311.0
299,914.0,316.0
299,941.0,214.0
299,952.0,516.0
299,913.0,516.0
300,1075.0,818.0
300,817.0,845.0
300,992.0,681.0
300,851.0,665.0
300,950.0,518.0
300,939.0,533.0
300,928.0,476.0
300,952.0,425.0
300,974.0,426.0
300,940.0,330.0
300,970.0,311.0
300,912.0,317.0
300,940.0,215.0
300,950.0,517.0
300,911.0,517.0
301,1075.0,818.0
301,817.0,845.0
301,992.0,681.0
301,851.0,665.0
301,950.0,518.0
301,939.0,533.0
301,928.0,476.0
301,952.0,425.0
301,974.0,426.0
301,940.0,330.0
301,970.0,311.0
301,912.0,317.0
301,940.0,215.0
301,950.0,517.0
301,911.0,517.0
302,1075.0,818.0
302,817.0,845.0
302,992.0,681.0
302,851.0,665.0
302,950.0,518.0
302,939.0,533.0
302,928.0,476.0
302,952.0,425.0
302,974.0,426.0
302,940.0,330.0
302,970.0,311.0
302,912.0,317.0
302,940.0,215.0
302,950.0,517.0
302,911.0,517.0
303,1080.0,812.0
303,821.0,845.0
303,988.0,683.0
303,852.0,667.0
303,949.0,519.0
303,938.0,534.0
303,927.0,477.0
303,951.0,426.0
303,974.0,426.0
303,939.0,331.0
303,969.0,312.0
303,911.0,318.0
303,939.0,216.0
303,949.0,518.0
303,910.0,518.0
304,1080.0,812.0
304,821.0,845.0
304,988.0,683.0
304,852.0,667.0
304,949.0,519.0
304,938.0,534.0
304,927.0,477.0
304,951.0,426.0
304,974.0,426.0
304,939.0,331.0
304,969.0,312.0
304,911.0,318.0
304,939.0,216.0
304,949.0,518.0
304,910.0,518.0
305,1080.0,812.0
305,821.0,845.0
305,988.0,683.0
305,852.0,667.0
305,949.0,519.0
305,938.0,534.0
305,927.0,477.0
305,951.0,426.0
305,974.0,426.0
305,939.0,331.0
305,969.0,312.0
305,911.0,318.0
305,939.0,216.0
305,949.0,518.0
305,910.0,518.0
306,1085.0,807.0
306,827.0,844.0
306,982.0,684.0
306,853.0,668.0
306,947.0,520.0
306,935.0,535.0
306,925.0,477.0
306,949.0,427.0
306,974.0,426.0
306,938.0,331.0
306,968.0,312.0
306,910.0,318.0
306,938.0,216.0
306,947.0,519.0
306,908.0,518.0
307,1085.0,807.0
307,827.0,844.0
307,982.0,684.0
307,853.0,668.0
307,947.0,520.0
307,935.0,535.0
307,925.0,477.0
307,949.0,427.0
307,974.0,426.0
307,938.0,331.0
307,968.0,312.0
307,910.0,318.0
307,938.0,216.0
307,947.0,519.0
307,908.0,518.0
308,1087.0,801.0
308,834.0,843.0
308,975.0,685.0
308,854.0,669.0
308,946.0,520.0
308,932.0,535.0
308,924.0,477.0
308,947.0,427.0
308,975.0,426.0
308,937.0,331.0
308,967.0,311.0
308,908.0,318.0
308,937.0,215.0
308,946.0,519.0
308,906.0,517.0
309,1087.0,801.0
309,834.0,843.0
309,975.0,685.0
309,854.0,669.0
309,946.0,520.0
309,932.0,535.0
309,924.0,477.0
309,947.0,427.0
309,975.0,426.0
309,937.0,331.0
309,967.0,311.0
309,908.0,318.0
309,937.0,215.0
309,946.0,519.0
309,906.0,517.0
310,1087.0,801.0
310,834.0,843.0
310,975.0,685.0
310,854.0,669.0
310,946.0,520.0
310,932.0,535.0
310,924.0,477.0
310,947.0,427.0
310,975.0,426.0
310,937.0,331.0
310,967.0,311.0
310,908.0,318.0
310,937.0,215.0
310,946.0,519.0
310,906.0,517.0
311,1088.0,796.0
311,842.0,842.0
311,968.0,685.0
311,855.0,670.0
311,944.0,520.0
311,928.0,535.0
311,922.0,476.0
311,944.0,427.0
311,976.0,426.0
311,936.0,330.0
311,967.0,310.0
311,907.0,317.0
311,936.0,214.0
311,945.0,519.0
311,905.0,516.0
312,1088.0,796.0
312,842.0,842.0
312,968.0,685.0
312,855.0,670.0
312,944.0,520.0
312,928.0,535.0
312,922.0,476.0
312,944.0,427.0
312,976.0,426.0
312,936.0,330.0
312,967.0,310.0
312,907.0,317.0
312,936.0,214.0
312,945.0,519.0
312,905.0,516.0
313,1086.0,791.0
313,852.0,841.0
313,959.0,684.0
313,857.0,670.0
313,943.0,519.0
313,923.0,535.0
313,921.0,475.0
313,941.0,426.0
313,977.0,425.0
313,935.0,329.0
313,967.0,309.0
313,906.0,316.0
313,935.0,213.0
313,943.0,518.0
313,904.0,515.0
314,1086.0,791.0
314,852.0,841.0
314,959.0,684.0
314,857.0,670.0
314,943.0,519.0
314,923.0,535.0
314,921.0,475.0
314,941.0,426.0
314,977.0,425.0
314,935.0,329.0
314,967.0,309.0
314,906.0,316.0
314,935.0,213.0
314,943.0,518.0
314,904.0,515.0
315,1086.0,791.0
315,852.0,841.0
315,959.0,684.0
315,857.0,670.0
315,943.0,519.0
315,923.0,535.0
315,921.0,475.0
315,941.0,426.0
315,977.0,425.0
315,935.0,329.0
315,967.0,309.0
315,906.0,316.0
315,935.0,213.0
315,943.0,518.0
315,904.0,515.0
316,1082.0,787.0
316,862.0,840.0
316,950.0,683.0
316,859.0,670.0
316,942.0,518.0
316,917.0,535.0
316,920.0,473.0
316,938.0,425.0
316,979.0,424.0
316,934.0,327.0
316,967.0,307.0
316,905.0,314.0
316,935.0,211.0
316,942.0,517.0
316,903.0,513.0
317,1076.0,784.0
317,873.0,839.0
317,941.0,682.0
317,862.0,670.0
317,941.0,516.0
317,910.0,534.0
317,920.0,471.0
317,934.0,425.0
317,981.0,422.0
317,934.0,325.0
317,967.0,305.0
317,904.0,312.0
317,934.0,209.0
317,941.0,515.0
317,903.0,511.0
318,1076.0,784.0
318,874.0,839.0
318,941.0,682.0
318,862.0,670.0
318,941.0,516.0
318,910.0,534.0
318,920.0,471.0
318,934.0,425.0
318,981.0,422.0
318,934.0,325.0
318,967.0,305.0
318,904.0,312.0
318,934.0,209.0
318,941.0,515.0
318,903.0,511.0
319,1076.0,784.0
319,874.0,839.0
319,941.0,682.0
319,862.0,670.0
319,941.0,516.0
319,910.0,534.0
319,920.0,471.0
319,934.0,425.0
319,981.0,422.0
319,934.0,325.0
319,967.0,305.0
319,904.0,312.0
319,934.0,209.0
319,941.0,515.0
319,903.0,511.0
320,1067.0,782.0
320,885.0,838.0
320,932.0,680.0
320,866.0,670.0
320,941.0,514.0
320,903.0,532.0
320,919.0,469.0
320,930.0,424.0
320,984.0,421.0
320,934.0,323.0
320,967.0,303.0
320,903.0,310.0
320,934.0,207.0
320,941.0,513.0
320,902.0,509.0
321,1067.0,782.0
321,885.0,838.0
321,932.0,680.0
321,866.0,670.0
321,941.0,514.0
321,903.0,532.0
321,919.0,469.0
321,930.0,424.0
321,984.0,421.0
321,934.0,323.0
321,967.0,303.0
321,903.0,310.0
321,934.0,207.0
321,941.0,513.0
321,902.0,509.0
322,1067.0,782.0
322,885.0,838.0
322,932.0,680.0
322,866.0,670.0
322,941.0,514.0
322,903.0,532.0
322,919.0,469.0
322,930.0,424.0
322,984.0,421.0
322,934.0,323.0
322,967.0,303.0
322,903.0,310.0
322,934.0,207.0
322,941.0,513.0
322,902.0,509.0
323,1056.0,781.0
323,896.0,838.0
323,923.0,678.0
323,870.0,669.0
323,940.0,512.0
323,896.0,530.0
323,919.0,467.0
323,927.0,423.0
323,987.0,419.0
323,934.0,321.0
323,967.0,301.0
323,902.0,308.0
323,934.0,205.0
323,940.0,511.0
323,902.0,507.0
324,1056.0,781.0
324,896.0,838.0
324,923.0,678.0
324,870.0,669.0
324,940.0,512.0
324,896.0,530.0
324,919.0,467.0
324,927.0,423.0
324,987.0,419.0
324,934.0,321.0
324,967.0,301.0
324,902.0,308.0
324,934.0,205.0
324,940.0,511.0
324,902.0,507.0
325,1043.0,782.0
325,907.0,838.0
325,914.0,675.0
325,875.0,668.0
325,935.0,504.0
325,888.0,527.0
325,919.0,465.0
325,923.0,422.0
325,990.0,417.0
325,934.0,319.0
325,968.0,300.0
325,902.0,306.0
325,934.0,203.0
325,935.0,503.0
325,903.0,505.0
326,1028.0,783.0
326,918.0,838.0
326,906.0,672.0
326,882.0,667.0
326,942.0,507.0
326,880.0,525.0
326,920.0,463.0
326,919.0,420.0
326,993.0,416.0
326,934.0,317.0
326,969.0,298.0
326,902.0,304.0
326,934.0,201.0
326,942.0,506.0
326,904.0,503.0
327,1028.0,783.0
327,918.0,838.0
327,906.0,672.0
327,882.0,667.0
327,942.0,507.0
327,880.0,525.0
327,920.0,463.0
327,919.0,420.0
327,993.0,416.0
327,934.0,317.0
327,969.0,298.0
327,902.0,304.0
327,934.0,201.0
327,942.0,506.0
327,904.0,503.0
328,1028.0,783.0
328,918.0,838.0
328,906.0,672.0
328,882.0,667.0
328,942.0,507.0
328,880.0,525.0
328,920.0,463.0
328,919.0,420.0
328,993.0,416.0
328,934.0,317.0
328,969.0,298.0
328,902.0,304.0
328,934.0,201.0
328,942.0,506.0
328,904.0,503.0
329,1011.0,786.0
329,929.0,839.0
329,899.0,670.0
329,889.0,666.0
329,941.0,507.0
329,872.0,522.0
329,921.0,461.0
329,915.0,419.0
329,997.0,414.0
329,935.0,316.0
329,970.0,297.0
329,902.0,302.0
329,934.0,200.0
329,941.0,506.0
329,905.0,502.0
330,1011.0,786.0
330,929.0,839.0
330,899.0,670.0
330,889.0,666.0
330,941.0,507.0
330,872.0,522.0
330,921.0,461.0
330,915.0,419.0
330,997.0,414.0
330,935.0,316.0
330,970.0,297.0
330,902.0,302.0
330,934.0,200.0
330,941.0,506.0
330,905.0,502.0
331,1011.0,786.0
331,929.0,839.0
331,899.0,670.0
331,889.0,666.0
331,941.0,507.0
331,872.0,522.0
331,921.0,461.0
331,915.0,419.0
331,997.0,414.0
331,935.0,316.0
331,970.0,297.0
331,902.0,302.0
331,934.0,200.0
331,941.0,506.0
331,905.0,502.0
332,994.0,789.0
332,939.0,840.0
332,897.0,667.0
332,892.0,666.0
332,942.0,506.0
332,864.0,519.0
332,922.0,460.0
332,911.0,418.0
332,1001.0,413.0
332,935.0,315.0
332,971.0,296.0
332,902.0,301.0
332,935.0,199.0
332,942.0,505.0
332,906.0,501.0
333,994.0,789.0
333,939.0,840.0
333,897.0,667.0
333,892.0,666.0
333,942.0,506.0
333,864.0,519.0
333,922.0,460.0
333,911.0,418.0
333,1001.0,413.0
333,935.0,315.0
333,971.0,296.0
333,902.0,301.0
333,935.0,199.0
333,942.0,505.0
333,906.0,501.0
334,975.0,794.0
334,949.0,841.0
334,887.0,664.0
334,887.0,663.0
334,943.0,505.0
334,856.0,515.0
334,923.0,460.0
334,907.0,417.0
334,1005.0,412.0
334,936.0,314.0
334,972.0,296.0
334,902.0,300.0
334,935.0,198.0
334,943.0,504.0
334,908.0,500.0
335,975.0,794.0
335,949.0,841.0
335,887.0,664.0
335,887.0,663.0
335,943.0,505.0
335,856.0,515.0
335,923.0,460.0
335,907.0,417.0
335,1005.0,412.0
335,936.0,314.0
335,972.0,296.0
335,902.0,300.0
335,935.0,198.0
335,943.0,504.0
335,908.0,500.0
336,975.0,794.0
336,949.0,841.0
336,887.0,664.0
336,887.0,663.0
336,943.0,505.0
336,856.0,515.0
336,923.0,460.0
336,907.0,417.0
336,1005.0,412.0
336,936.0,314.0
336,972.0,296.0
336,902.0,300.0
336,935.0,198.0
336,943.0,504.0
336,908.0,500.0
337,956.0,799.0
337,959.0,842.0
337,883.0,662.0
337,883.0,661.0
337,944.0,505.0
337,848.0,512.0
337,924.0,460.0
337,904.0,417.0
337,1008.0,411.0
337,937.0,314.0
337,973.0,296.0
337,903.0,299.0
337,935.0,198.0
337,944.0,504.0
337,910.0,500.0
338,937.0,804.0
338,969.0,842.0
338,879.0,660.0
338,879.0,659.0
338,945.0,505.0
338,841.0,509.0
338,925.0,460.0
338,900.0,417.0
338,1012.0,411.0
338,938.0,314.0
338,974.0,296.0
338,903.0,299.0
338,936.0,198.0
338,945.0,504.0
338,911.0,500.0
339,937.0,804.0
339,969.0,842.0
339,879.0,660.0
339,879.0,659.0
339,945.0,505.0
339,841.0,509.0
339,925.0,460.0
339,900.0,417.0
339,1012.0,411.0
339,938.0,314.0
339,974.0,296.0
339,903.0,299.0
339,936.0,198.0
339,945.0,504.0
339,911.0,500.0
340,937.0,804.0
340,969.0,842.0
340,879.0,660.0
340,879.0,659.0
340,945.0,505.0
340,841.0,509.0
340,925.0,460.0
340,900.0,417.0
340,1012.0,411.0
340,938.0,314.0
340,974.0,296.0
340,903.0,299.0
340,936.0,198.0
340,945.0,504.0
340,911.0,500.0
341,937.0,804.0
341,969.0,842.0
341,879.0,660.0
341,879.0,659.0
341,945.0,505.0
341,841.0,509.0
341,925.0,460.0
341,900.0,417.0
341,1012.0,411.0
341,938.0,314.0
341,974.0,296.0
341,903.0,299.0
341,936.0,198.0
341,945.0,504.0
341,911.0,500.0
342,919.0,810.0
342,978.0,843.0
342,877.0,659.0
342,877.0,658.0
342,946.0,505.0
342,834.0,506.0
342,926.0,461.0
342,897.0,418.0
342,1015.0,411.0
342,939.0,315.0
342,975.0,297.0
342,903.0,300.0
342,937.0,199.0
342,946.0,504.0
342,913.0,501.0
343,902.0,815.0
343,988.0,843.0
343,875.0,658.0
343,875.0,657.0
343,946.0,506.0
343,827.0,503.0
343,927.0,462.0
343,895.0,419.0
343,1019.0,411.0
343,939.0,316.0
343,976.0,299.0
343,904.0,301.0
343,937.0,200.0
343,946.0,505.0
343,914.0,502.0
344,902.0,815.0
344,988.0,843.0
344,875.0,658.0
344,875.0,657.0
344,946.0,506.0
344,827.0,503.0
344,927.0,462.0
344,895.0,419.0
344,1019.0,411.0
344,939.0,316.0
344,976.0,299.0
344,904.0,301.0
344,937.0,200.0
344,946.0,505.0
344,914.0,502.0
345,902.0,815.0
345,988.0,843.0
345,875.0,658.0
345,875.0,657.0
345,946.0,506.0
345,827.0,503.0
345,927.0,462.0
345,895.0,419.0
345,1019.0,411.0
345,939.0,316.0
345,976.0,299.0
345,904.0,301.0
345,937.0,200.0
345,946.0,505.0
345,914.0,502.0
346,886.0,821.0
346,997.0,842.0
346,874.0,657.0
346,874.0,656.0
346,946.0,507.0
346,822.0,500.0
346,927.0,464.0
346,892.0,420.0
346,1021.0,411.0
346,940.0,318.0
346,977.0,301.0
346,904.0,302.0
346,938.0,202.0
346,946.0,506.0
346,915.0,504.0
347,872.0,826.0
347,1007.0,841.0
347,873.0,657.0
347,873.0,656.0
347,947.0,509.0
347,817.0,498.0
347,928.0,465.0
347,890.0,421.0
347,1024.0,412.0
347,940.0,319.0
347,978.0,303.0
347,904.0,304.0
347,938.0,204.0
347,947.0,508.0
347,916.0,506.0
348,872.0,826.0
348,1007.0,841.0
348,873.0,657.0
348,873.0,656.0
348,947.0,509.0
348,817.0,498.0
348,928.0,465.0
348,890.0,421.0
348,1024.0,412.0
348,940.0,319.0
348,978.0,303.0
348,904.0,304.0
348,938.0,204.0
348,947.0,508.0
348,916.0,506.0
349,872.0,826.0
349,1007.0,841.0
349,873.0,657.0
349,873.0,656.0
349,947.0,509.0
349,817.0,498.0
349,928.0,465.0
349,890.0,421.0
349,1024.0,412.0
349,940.0,319.0
349,978.0,303.0
349,904.0,304.0
349,938.0,204.0
349,947.0,508.0
349,916.0,506.0
350,872.0,826.0
350,1007.0,841.0
350,873.0,657.0
350,873.0,656.0
350,947.0,509.0
350,817.0,498.0
350,928.0,465.0
350,890.0,421.0
350,1024.0,412.0
350,940.0,319.0
350,978.0,303.0
350,904.0,304.0
350,938.0,204.0
350,947.0,508.0
350,916.0,506.0
351,860.0,831.0
351,1016.0,839.0
351,873.0,657.0
351,873.0,656.0
351,947.0,510.0
351,812.0,496.0
351,928.0,467.0
351,888.0,422.0
351,1026.0,413.0
351,940.0,321.0
351,978.0,305.0
351,904.0,306.0
351,938.0,206.0
351,947.0,509.0
351,917.0,508.0
352,850.0,835.0
352,1025.0,836.0
352,873.0,658.0
352,873.0,657.0
352,947.0,512.0
352,809.0,495.0
352,928.0,469.0
352,887.0,424.0
352,1028.0,415.0
352,940.0,323.0
352,978.0,307.0
352,904.0,307.0
352,939.0,208.0
352,947.0,511.0
352,917.0,510.0
353,850.0,835.0
353,1025.0,836.0
353,873.0,658.0
353,873.0,657.0
353,947.0,512.0
353,809.0,495.0
353,928.0,469.0
353,887.0,424.0
353,1028.0,415.0
353,940.0,323.0
353,978.0,307.0
353,904.0,307.0
353,939.0,208.0
353,947.0,511.0
353,917.0,510.0
354,850.0,835.0
354,1025.0,836.0
354,873.0,658.0
354,873.0,657.0
354,947.0,512.0
354,809.0,495.0
354,928.0,469.0
354,887.0,424.0
354,1028.0,415.0
354,940.0,323.0
354,978.0,307.0
354,904.0,307.0
354,939.0,208.0
354,947.0,511.0
354,917.0,510.0
355,843.0,838.0
355,1034.0,833.0
355,873.0,659.0
355,873.0,658.0
355,946.0,513.0
355,807.0,494.0
355,928.0,471.0
355,886.0,425.0
355,1029.0,416.0
355,940.0,325.0
355,978.0,309.0
355,904.0,309.0
355,939.0,210.0
355,946.0,512.0
355,917.0,512.0
356,843.0,838.0
356,1034.0,833.0
356,873.0,659.0
356,873.0,658.0
356,946.0,513.0
356,807.0,494.0
356,928.0,471.0
356,886.0,425.0
356,1029.0,416.0
356,940.0,325.0
356,978.0,309.0
356,904.0,309.0
356,939.0,210.0
356,946.0,512.0
356,917.0,512.0
357,843.0,838.0
357,1034.0,833.0
357,873.0,659.0
357,873.0,658.0
357,946.0,513.0
357,807.0,494.0
357,928.0,471.0
357,886.0,425.0
357,1029.0,416.0
357,940.0,325.0
357,978.0,309.0
357,904.0,309.0
357,939.0,210.0
357,946.0,512.0
357,917.0,512.0
358,839.0,841.0
358,1042.0,829.0
358,874.0,660.0
358,874.0,659.0
358,946.0,515.0
358,805.0,494.0
358,927.0,473.0
358,885.0,427.0
358,1030.0,417.0
358,940.0,327.0
358,978.0,311.0
358,904.0,310.0
358,939.0,212.0
358,946.0,514.0
358,917.0,514.0
359,839.0,841.0
359,1042.0,829.0
359,874.0,660.0
359,874.0,659.0
359,946.0,515.0
359,805.0,494.0
359,927.0,473.0
359,885.0,427.0
359,1030.0,417.0
359,940.0,327.0
359,978.0,311.0
359,904.0,310.0
359,939.0,212.0
359,946.0,514.0
359,917.0,514.0
360,836.0,842.0
360,1049.0,824.0
360,874.0,662.0
360,874.0,661.0
360,945.0,516.0
360,804.0,494.0
360,926.0,475.0
360,885.0,428.0
360,1031.0,418.0
360,939.0,329.0
360,977.0,313.0
360,904.0,312.0
360,939.0,213.0
360,945.0,515.0
360,916.0,516.0
361,836.0,842.0
361,1049.0,824.0
361,874.0,662.0
361,874.0,661.0
361,945.0,516.0
361,804.0,494.0
361,926.0,475.0
361,885.0,428.0
361,1031.0,418.0
361,939.0,329.0
361,977.0,313.0
361,904.0,312.0
361,939.0,213.0
361,945.0,515.0
361,916.0,516.0
362,836.0,842.0
362,1049.0,824.0
362,874.0,662.0
362,874.0,661.0
362,945.0,516.0
362,804.0,494.0
362,926.0,475.0
362,885.0,428.0
362,1031.0,418.0
362,939.0,329.0
362,977.0,313.0
362,904.0,312.0
362,939.0,213.0
362,945.0,515.0
362,916.0,516.0
363,837.0,843.0
363,1056.0,819.0
363,874.0,663.0
363,874.0,662.0
363,944.0,517.0
363,804.0,495.0
363,925.0,476.0
363,885.0,429.0
363,1031.0,419.0
363,939.0,330.0
363,977.0,314.0
363,904.0,313.0
363,939.0,214.0
363,944.0,516.0
363,915.0,518.0
364,839.0,844.0
364,1061.0,813.0
364,875.0,665.0
364,875.0,664.0
364,943.0,517.0
364,805.0,496.0
364,924.0,476.0
364,886.0,430.0
364,1030.0,420.0
364,938.0,330.0
364,976.0,315.0
364,903.0,314.0
364,939.0,215.0
364,943.0,516.0
364,915.0,519.0
365,839.0,844.0
365,1061.0,813.0
365,875.0,665.0
365,875.0,664.0
365,943.0,517.0
365,805.0,496.0
365,924.0,476.0
365,886.0,430.0
365,1030.0,420.0
365,938.0,330.0
365,976.0,315.0
365,903.0,314.0
365,939.0,215.0
365,943.0,516.0
365,915.0,519.0
366,839.0,844.0
366,1061.0,813.0
366,875.0,665.0
366,875.0,664.0
366,943.0,517.0
366,805.0,496.0
366,924.0,476.0
366,886.0,430.0
366,1030.0,420.0
366,938.0,330.0
366,976.0,315.0
366,903.0,314.0
366,939.0,215.0
366,943.0,516.0
366,915.0,519.0
367,839.0,844.0
367,1061.0,813.0
367,875.0,665.0
367,875.0,664.0
367,943.0,517.0
367,805.0,496.0
367,924.0,476.0
367,886.0,430.0
367,1030.0,420.0
367,938.0,330.0
367,976.0,315.0
367,903.0,314.0
367,939.0,215.0
367,943.0,516.0
367,915.0,519.0
368,843.0,844.0
368,1065.0,807.0
368,876.0,667.0
368,876.0,666.0
368,942.0,517.0
368,807.0,497.0
368,923.0,476.0
368,887.0,430.0
368,1029.0,421.0
368,938.0,330.0
368,975.0,315.0
368,903.0,314.0
368,939.0,215.0
368,942.0,516.0
368,914.0,519.0
369,850.0,843.0
369,1067.0,802.0
369,877.0,668.0
369,877.0,667.0
369,941.0,517.0
369,810.0,499.0
369,922.0,476.0
369,889.0,430.0
369,1028.0,421.0
369,937.0,330.0
369,974.0,315.0
369,903.0,314.0
369,939.0,215.0
369,941.0,516.0
369,913.0,519.0
370,850.0,843.0
370,1067.0,802.0
370,877.0,668.0
370,877.0,667.0
370,941.0,517.0
370,810.0,499.0
370,922.0,476.0
370,889.0,430.0
370,1028.0,421.0
370,937.0,330.0
370,974.0,315.0
370,903.0,314.0
370,939.0,215.0
370,941.0,516.0
370,913.0,519.0
371,850.0,843.0
371,1067.0,802.0
371,877.0,668.0
371,877.0,667.0
371,941.0,517.0
371,810.0,499.0
371,922.0,476.0
371,889.0,430.0
371,1028.0,421.0
371,937.0,330.0
371,974.0,315.0
371,903.0,314.0
371,939.0,215.0
371,941.0,516.0
371,913.0,519.0
372,858.0,842.0
372,1067.0,797.0
372,878.0,668.0
372,878.0,667.0
372,940.0,516.0
372,814.0,501.0
372,921.0,475.0
372,891.0,429.0
372,1026.0,421.0
372,937.0,329.0
372,974.0,314.0
372,903.0,313.0
372,939.0,214.0
372,940.0,515.0
372,912.0,519.0
373,867.0,841.0
373,1065.0,792.0
373,880.0,669.0
373,880.0,668.0
373,940.0,515.0
373,818.0,503.0
373,921.0,474.0
373,893.0,428.0
373,1024.0,421.0
373,937.0,328.0
373,973.0,313.0
373,903.0,312.0
373,939.0,213.0
373,940.0,514.0
373,911.0,518.0
374,867.0,841.0
374,1065.0,792.0
374,880.0,669.0
374,880.0,668.0
374,940.0,515.0
374,818.0,503.0
374,921.0,474.0
374,893.0,428.0
374,1024.0,421.0
374,937.0,328.0
374,973.0,313.0
374,903.0,312.0
374,939.0,213.0
374,940.0,514.0
374,911.0,518.0
375,867.0,841.0
375,1065.0,792.0
375,880.0,669.0
375,880.0,668.0
375,940.0,515.0
375,818.0,503.0
375,921.0,474.0
375,893.0,428.0
375,1024.0,421.0
375,937.0,328.0
375,973.0,313.0
375,903.0,312.0
375,939.0,213.0
375,940.0,514.0
375,911.0,518.0
376,867.0,841.0
376,1065.0,792.0
376,880.0,669.0
376,880.0,668.0
376,940.0,515.0
376,818.0,503.0
376,921.0,474.0
376,893.0,428.0
376,1024.0,421.0
376,937.0,328.0
376,973.0,313.0
376,903.0,312.0
376,939.0,213.0
376,940.0,514.0
376,911.0,518.0
377,877.0,840.0
377,1061.0,788.0
377,883.0,669.0
377,883.0,668.0
377,940.0,513.0
377,823.0,505.0
377,921.0,473.0
377,895.0,427.0
377,1022.0,421.0
377,937.0,326.0
377,972.0,312.0
377,903.0,310.0
377,939.0,211.0
377,940.0,512.0
377,911.0,517.0
378,887.0,839.0
378,1054.0,785.0
378,885.0,669.0
378,885.0,668.0
378,940.0,511.0
378,829.0,507.0
378,920.0,471.0
378,899.0,425.0
378,1020.0,420.0
378,937.0,325.0
378,972.0,310.0
378,904.0,308.0
378,939.0,209.0
378,940.0,510.0
378,910.0,515.0
379,887.0,839.0
379,1054.0,785.0
379,885.0,669.0
379,885.0,668.0
379,940.0,511.0
379,829.0,507.0
379,920.0,471.0
379,899.0,425.0
379,1020.0,420.0
379,937.0,325.0
379,972.0,310.0
379,904.0,308.0
379,939.0,209.0
379,940.0,510.0
379,910.0,515.0
380,887.0,839.0
380,1054.0,785.0
380,885.0,669.0
380,885.0,668.0
380,940.0,511.0
380,829.0,507.0
380,920.0,471.0
380,899.0,425.0
380,1020.0,420.0
380,937.0,325.0
380,972.0,310.0
380,904.0,308.0
380,939.0,209.0
380,940.0,510.0
380,910.0,515.0
381,898.0,838.0
381,1045.0,783.0
381,889.0,669.0
381,889.0,668.0
381,940.0,509.0
381,836.0,509.0
381,921.0,469.0
381,902.0,423.0
381,1017.0,419.0
381,937.0,323.0
381,972.0,308.0
381,905.0,306.0
381,939.0,207.0
381,940.0,508.0
381,910.0,514.0
382,898.0,838.0
382,1045.0,783.0
382,889.0,669.0
382,889.0,668.0
382,940.0,509.0
382,836.0,509.0
382,921.0,469.0
382,902.0,423.0
382,1017.0,419.0
382,937.0,323.0
382,972.0,308.0
382,905.0,306.0
382,939.0,207.0
382,940.0,508.0
382,910.0,514.0
383,898.0,838.0
383,1045.0,783.0
383,889.0,669.0
383,889.0,668.0
383,940.0,509.0
383,836.0,509.0
383,921.0,469.0
383,902.0,423.0
383,1017.0,419.0
383,937.0,323.0
383,972.0,308.0
383,905.0,306.0
383,939.0,207.0
383,940.0,508.0
383,910.0,514.0
384,909.0,838.0
384,1034.0,782.0
384,894.0,668.0
384,894.0,667.0
384,941.0,507.0
384,843.0,511.0
384,921.0,467.0
384,906.0,421.0
384,1014.0,418.0
384,937.0,321.0
384,972.0,306.0
384,906.0,304.0
384,939.0,205.0
384,941.0,506.0
384,910.0,512.0
385,909.0,838.0
385,1034.0,782.0
385,894.0,668.0
385,894.0,667.0
385,941.0,507.0
385,843.0,511.0
385,921.0,467.0
385,906.0,421.0
385,1014.0,418.0
385,937.0,321.0
385,972.0,306.0
385,906.0,304.0
385,939.0,205.0
385,941.0,506.0
385,910.0,512.0
386,920.0,838.0
386,1021.0,782.0
386,899.0,668.0
386,899.0,667.0
386,942.0,505.0
386,850.0,512.0
386,922.0,465.0
386,910.0,420.0
386,1011.0,417.0
386,938.0,319.0
386,972.0,304.0
386,907.0,302.0
386,939.0,203.0
386,942.0,504.0
386,910.0,510.0
387,920.0,838.0
387,1021.0,782.0
387,899.0,668.0
387,899.0,667.0
387,942.0,505.0
387,850.0,512.0
387,922.0,465.0
387,910.0,420.0
387,1011.0,417.0
387,938.0,319.0
387,972.0,304.0
387,907.0,302.0
387,939.0,203.0
387,942.0,504.0
387,910.0,510.0
388,920.0,838.0
388,1021.0,782.0
388,899.0,668.0
388,899.0,667.0
388,942.0,505.0
388,850.0,512.0
388,922.0,465.0
388,910.0,420.0
388,1011.0,417.0
388,938.0,319.0
388,972.0,304.0
388,907.0,302.0
388,939.0,203.0
388,942.0,504.0
388,910.0,510.0
389,931.0,838.0
389,1006.0,783.0
389,905.0,667.0
389,905.0,666.0
389,943.0,503.0
389,858.0,514.0
389,923.0,463.0
389,914.0,418.0
389,1008.0,416.0
389,938.0,317.0
389,972.0,302.0
389,908.0,300.0
389,940.0,201.0
389,943.0,502.0
389,911.0,508.0
390,941.0,839.0
390,989.0,786.0
390,912.0,666.0
390,912.0,665.0
390,945.0,501.0
390,866.0,515.0
390,924.0,462.0
390,918.0,416.0
390,1005.0,415.0
390,939.0,316.0
390,972.0,300.0
390,909.0,299.0
390,940.0,200.0
390,945.0,500.0
390,911.0,507.0
391,941.0,839.0
391,989.0,786.0
391,912.0,666.0
391,912.0,665.0
391,945.0,501.0
391,866.0,515.0
391,924.0,462.0
391,918.0,416.0
391,1005.0,415.0
391,939.0,316.0
391,972.0,300.0
391,909.0,299.0
391,940.0,200.0
391,945.0,500.0
391,911.0,507.0
392,941.0,839.0
392,989.0,786.0
392,912.0,666.0
392,912.0,665.0
392,945.0,501.0
392,866.0,515.0
392,924.0,462.0
392,918.0,416.0
392,1005.0,415.0
392,939.0,316.0
392,972.0,300.0
392,909.0,299.0
392,940.0,200.0
392,945.0,500.0
392,911.0,507.0
393,951.0,840.0
393,972.0,789.0
393,920.0,665.0
393,920.0,664.0
393,946.0,500.0
393,874.0,516.0
393,925.0,461.0
393,923.0,415.0
393,1002.0,414.0
393,940.0,315.0
393,972.0,299.0
393,910.0,298.0
393,940.0,199.0
393,946.0,499.0
393,912.0,506.0
394,951.0,840.0
394,971.0,789.0
394,920.0,665.0
394,920.0,664.0
394,946.0,500.0
394,874.0,516.0
394,925.0,461.0
394,923.0,415.0
394,1002.0,414.0
394,940.0,315.0
394,972.0,299.0
394,910.0,298.0
394,940.0,199.0
394,946.0,499.0
394,912.0,506.0
